unique_id,repo,key,scope,complexity,commit,date,message,_source_file,original_commit
druid_17369_31.0.0,druid,17369_31.0.0,S3,C5,3ba7badda390977805600942d71016b5af12751b,2024-10-18 04:47:07+00:00,"Backport ""Fixes an issue with AppendableMemory that can cause MSQ jobs to fail"" (#17369) (#17372)",filtered\s3_newtests\druid_S3_patches.csv,5b09329479117a54f68d5ce9e4c8b245d76a8f79
druid_17319_31.0.0,druid,17319_31.0.0,S3,C5,06c1a6a31eaa2339a8507658ea1baf378da48e4a,2024-10-10 11:15:34+00:00,"[Backport] Dart backports for (#17312) , (#17313) , (#17319) (#17322)",filtered\s3_newtests\druid_S3_patches.csv,074944e02c7fb29b9f4160626ff8dc6fd225b0a9
druid_17094_31.0.0,druid,17094_31.0.0,S3,C3,4a8008aebb7b3f324325feabd1b5a11a07e76022,2024-10-02 02:14:33+00:00,Use the whole frame when writing rows. (#17094) (#17195),filtered\s3_newtests\druid_S3_patches.csv,3d45f9829c7b80e3b5289aaf5710b3932639349e
druid_16885_31.0.0,druid,16885_31.0.0,S3,C1,11727af2a6c464b57047b1a97ff5053daa6fb0dd,2024-09-19 03:32:12+00:00,Fix String Frame Readers to read String Arrays correctly (#16885) (#17103),filtered\s3_newtests\druid_S3_patches.csv,c7c3307e6193db8ddc879f48bbf3b9e3d1b41a6c
druid_16334_30.0.0,druid,16334_30.0.0,S3,C1,d6858771d1acb63c5fb39a3a6bcd62b03461dc15,2024-05-03 15:58:47+00:00,Add config lagAggregate to LagBasedAutoScalerConfig  (#16334) (#16377),filtered\s3_newtests\druid_S3_patches.csv,f8015eb02a95925036b4ce5ad0c1384ff634b30a
druid_16096_29.0.1,druid,16096_29.0.1,S3,C3,e1dc60f21d7d9ec502c1f256ac27b5e6abd92792,2024-03-19 12:16:42+00:00,Fix incorrect header names for certain export queries (#16096) (#16167),filtered\s3_newtests\druid_S3_patches.csv,a151bcfd12e86b3ace7a9776cb7bc1e87ea2a017
druid_15738_29.0.0,druid,15738_29.0.0,S3,C1,f283849821d0ffde5dfe6a64a7400f0191ef5989,2024-02-08 16:17:41+00:00,Extend unused segment metadata api response to include created date and last used updated time (#15738) (#15867),filtered\s3_newtests\druid_S3_patches.csv,ae6afc0751b8912b7beb374ffca589e288b3ed9f
elasticsearch_121948_8.19,elasticsearch,121948_8.19,S3,C5,56e19e28bd098337f57e5b49f45ae14137fd3e72,2025-05-01 21:28:14+00:00,ESQL: Improve error message for ( and [ (#124177) (#127620),filtered\s3_newtests\elasticsearch_S3_patches.csv,21845ad7a18821ccd80927211285308bb3eb8038
elasticsearch_122801_8.x,elasticsearch,122801_8.x,S3,C5,2aa011d594ee87cefbae255310afe75afc6a00e1,2025-02-24 09:33:50+00:00,[8.x] Add rescore knn vector test coverage (#122801) (#123239),filtered\s3_newtests\elasticsearch_S3_patches.csv,f5e2a92a3171808bd163570c3e1546230ec7c5ac
elasticsearch_122535_8.x,elasticsearch,122535_8.x,S3,C3,c0ce37d129b605da91462bf89231a0109aa417d8,2025-02-14 02:41:21+00:00,[8.x] Add action to copy index metadata when reindexing data stream indices (#122535) (#122559),filtered\s3_newtests\elasticsearch_S3_patches.csv,aba25c628a52161a1d2c73c1868a437ad5dac6a2
elasticsearch_120246_8.x,elasticsearch,120246_8.x,S3,C5,ddd0ffa8a14d27839a2497d6595c46c84cf70099,2025-01-18 07:40:44+00:00,backport http-stream-content-size-handler (#120417),filtered\s3_newtests\elasticsearch_S3_patches.csv,43e3e24d075332ed8c697113236ee4126fd56603
elasticsearch_120207_8.x,elasticsearch,120207_8.x,S3,C3,dc3aaf1dc10d0c22ae867f118a51209555908055,2025-01-16 17:09:25+00:00,Make requests_per_second configurable to throttle reindexing (#120207) (#120300),filtered\s3_newtests\elasticsearch_S3_patches.csv,7ac250077300e4b206e740da166fd3eec9dac389
elasticsearch_118353_8.x,elasticsearch,118353_8.x,S3,C3,da55d6c2709ecb448d1bf9b53f53bdbd2f2a40fc,2024-12-19 17:54:49+00:00,Epoch Millis Rounding Down and Not Up (#118353) (#119104),filtered\s3_newtests\elasticsearch_S3_patches.csv,ee163eb6be25b7d0abf4bbfb54d006d0ddcf1e9f
elasticsearch_115048_8.x,elasticsearch,115048_8.x,S3,C1,e7ac7c3c960e38fb06aabdc09efc3e635424732b,2024-10-18 18:58:04+00:00,Add timeout and cancellation check to rescore phase (#115048) (#115132),filtered\s3_newtests\elasticsearch_S3_patches.csv,a5118c2d9fa5e2442c408089387e75337b2a5d4a
elasticsearch_114683_8.x,elasticsearch,114683_8.x,S3,C5,ffcf87ce1dbd769b5d12df18b48653a9ede8b5c3,2024-10-15 00:14:49+00:00,[ML] Default inference endpoint for the multilingual-e5-small model (#114683) (#114779),filtered\s3_newtests\elasticsearch_S3_patches.csv,5efba5b43d79c15d8d7304d32e4f95a741134ffb
elasticsearch_113759_8.x,elasticsearch,113759_8.x,S3,C3,945aaa2a8794f58fdb39225e53096178560ba49c,2024-10-01 07:59:41+00:00,"[8.x] Reapply ""synthetic source index setting provider should check source field mapper"" (#113759) (#113828)",filtered\s3_newtests\elasticsearch_S3_patches.csv,4d6c3cacff1cbef3a34ef3edb1bab1d7a0043bb2
elasticsearch_113099_8.x,elasticsearch,113099_8.x,S3,C5,cc3caa228def0974e5d8299e5321b0a6987f9e6e,2024-09-25 12:35:09+00:00,[ML] Add deployment threading details and memory usage to telemetry (#113099) (#113516),filtered\s3_newtests\elasticsearch_S3_patches.csv,884196ced3599cd96baf6c6cafb05e3a28a6d198
elasticsearch_112888_8.x,elasticsearch,112888_8.x,S3,C1,7463b775fa88298ae249f7dda02672a72ebaeb3c,2024-09-16 20:23:00+00:00,Fix getDatabaseType for unusual MMDBs (#112888) (#112954),filtered\s3_newtests\elasticsearch_S3_patches.csv,e47365f413db06a504c0ec2758bbbccbc054d99c
jdk11u-dev_bfc3bebd26fa21716ac6461a016bda5548486978,jdk11u-dev,bfc3bebd26fa21716ac6461a016bda5548486978,S3,C3,bfc3bebd26fa21716ac6461a016bda5548486978,2025-05-08 22:03:06+00:00,8232625: HttpClient redirect policy should be more conservative,filtered\s3_newtests\jdk11u-dev_S3_patches.csv,b3477399d01c81dfe87e2041926a0244e616c18f
jdk11u-dev_710baba5abf51bbca596aa7c9efbe64b19e4f73d,jdk11u-dev,710baba5abf51bbca596aa7c9efbe64b19e4f73d,S3,C5,710baba5abf51bbca596aa7c9efbe64b19e4f73d,2025-04-08 17:04:29+00:00,8309841: Jarsigner should print a warning if an entry is removed,filtered\s3_newtests\jdk11u-dev_S3_patches.csv,bdfb41f977258831e4b0ceaef5d016d095ab6e7f
jdk11u-dev_be6956b15653f0d870efae89fc1b5df657cca45f,jdk11u-dev,be6956b15653f0d870efae89fc1b5df657cca45f,S3,C3,be6956b15653f0d870efae89fc1b5df657cca45f,2025-01-11 22:18:17+00:00,8273914: Indy string concat changes order of operations,filtered\s3_newtests\jdk11u-dev_S3_patches.csv,cfee4512f7048e9cf440078e9eb87d37c7ebcdd9
jdk11u-dev_f53cbeaa1459ee4a9a96b11500895a9d99c8e366,jdk11u-dev,f53cbeaa1459ee4a9a96b11500895a9d99c8e366,S3,C5,f53cbeaa1459ee4a9a96b11500895a9d99c8e366,2025-01-11 18:24:00+00:00,8335912: Add an operation mode to the jar command when extracting to not overwriting existing files,filtered\s3_newtests\jdk11u-dev_S3_patches.csv,158b93d19a518d2b9d3d185e2d4c4dbff9c82aab
jdk11u-dev_445e79ea99250a77ca38223710ca7e7fef0b6309,jdk11u-dev,445e79ea99250a77ca38223710ca7e7fef0b6309,S3,C5,445e79ea99250a77ca38223710ca7e7fef0b6309,2024-10-03 19:53:21+00:00,8263031: HttpClient throws Exception if it receives a Push Promise that is too large,filtered\s3_newtests\jdk11u-dev_S3_patches.csv,4d2cd26ab5092ad0a169e4239164a869a4255bd3
jdk11u-dev_0358cbd0a1538937612e3a78ffbfb64d7f4c45a2,jdk11u-dev,0358cbd0a1538937612e3a78ffbfb64d7f4c45a2,S3,C5,0358cbd0a1538937612e3a78ffbfb64d7f4c45a2,2024-09-23 14:08:45+00:00,8296410: HttpClient throws java.io.IOException: no statuscode in response for HTTP2,filtered\s3_newtests\jdk11u-dev_S3_patches.csv,f4b140b4200fc0f49161395501d3dbcba7a79059
jdk11u-dev_be6c6212ffb542d517513784ce10eda68cbb0fe9,jdk11u-dev,be6c6212ffb542d517513784ce10eda68cbb0fe9,S3,C3,be6c6212ffb542d517513784ce10eda68cbb0fe9,2024-06-13 08:00:44+00:00,8305072: Win32ShellFolder2.compareTo is inconsistent,filtered\s3_newtests\jdk11u-dev_S3_patches.csv,2fcb816858406f33cefef3164b2c85f9f996c7da
jdk11u-dev_4117953453635dbaea56add47a6fde5eb3f1258d,jdk11u-dev,4117953453635dbaea56add47a6fde5eb3f1258d,S3,C4,4117953453635dbaea56add47a6fde5eb3f1258d,2024-03-27 17:22:15+00:00,"8273831: PrintServiceLookup spawns 2 threads in the current classloader, getting orphaned",filtered\s3_newtests\jdk11u-dev_S3_patches.csv,687567822a5380fb7d8c5b54ae548b2a5c848187
jdk11u-dev_ec4e75d81a3661df3dbf43610cba69c453099082,jdk11u-dev,ec4e75d81a3661df3dbf43610cba69c453099082,S3,C3,ec4e75d81a3661df3dbf43610cba69c453099082,2024-01-29 02:03:32+00:00,8308245: Add -proc:full to describe current default annotation processing policy,filtered\s3_newtests\jdk11u-dev_S3_patches.csv,42ecc8a37ffc7e4ad7beb49cac7d821c00a5568e
jdk11u-dev_224f0f30bded37d003e66445bae98d9f7f80c60d,jdk11u-dev,224f0f30bded37d003e66445bae98d9f7f80c60d,S3,C3,224f0f30bded37d003e66445bae98d9f7f80c60d,2024-01-10 01:08:35+00:00,6928542: Chinese characters in RTF are not decoded,filtered\s3_newtests\jdk11u-dev_S3_patches.csv,a26f7c03c72e4efe6d3219d294294c554aebc631
jdk17u-dev_350badf5e7fcfebd9fc8848ffad4d6df6b874ad0,jdk17u-dev,350badf5e7fcfebd9fc8848ffad4d6df6b874ad0,S3,C3,350badf5e7fcfebd9fc8848ffad4d6df6b874ad0,2025-07-10 12:47:36+00:00,8350582: Correct the parsing of the ssl value in javax.net.debug,filtered\s3_newtests\jdk17u-dev_S3_patches.csv,1ec64811a365442c902e334b56f4cf926c316a4a
jdk17u-dev_8b306de46d88219722a57f6e72d0b4456eb6faf0,jdk17u-dev,8b306de46d88219722a57f6e72d0b4456eb6faf0,S3,C3,8b306de46d88219722a57f6e72d0b4456eb6faf0,2025-07-08 15:56:13+00:00,8282144: RandomSupport.convertSeedBytesToLongs sign extension overwrites previous bytes,filtered\s3_newtests\jdk17u-dev_S3_patches.csv,5fab27e1b8fdf2ea27cb3b349bd339a4a6ec828b
jdk17u-dev_183b9a0ab4d6d37d120ea239cac61d6bbd6a7d43,jdk17u-dev,183b9a0ab4d6d37d120ea239cac61d6bbd6a7d43,S3,C3,183b9a0ab4d6d37d120ea239cac61d6bbd6a7d43,2025-06-26 17:29:30+00:00,8314978: Multiple server call from connection failing with expect100 in getOutputStream,filtered\s3_newtests\jdk17u-dev_S3_patches.csv,460ebcd9cb94867608e22e07092bd1cf33228700
jdk17u-dev_4b40f900f47af62d7c0072b65e1c6bc3e9985ef1,jdk17u-dev,4b40f900f47af62d7c0072b65e1c6bc3e9985ef1,S3,C5,4b40f900f47af62d7c0072b65e1c6bc3e9985ef1,2025-06-25 07:58:32+00:00,8294916: Cancelling a request must eventually cause its response body subscriber to be unregistered,filtered\s3_newtests\jdk17u-dev_S3_patches.csv,dcd46501e6a25ac875d61bfbd412555b933ce34c
jdk17u-dev_35325584ecf40cee0b8ef9096e45035347df88b0,jdk17u-dev,35325584ecf40cee0b8ef9096e45035347df88b0,S3,C3,35325584ecf40cee0b8ef9096e45035347df88b0,2025-06-17 08:11:02+00:00,8334394: Race condition in Class::protectionDomain,filtered\s3_newtests\jdk17u-dev_S3_patches.csv,c3226aaeb810521257e961be5763552c86ee5651
jdk17u-dev_fca25f193b6d743e9fd9893106801b61941370af,jdk17u-dev,fca25f193b6d743e9fd9893106801b61941370af,S3,C5,fca25f193b6d743e9fd9893106801b61941370af,2025-06-17 07:54:27+00:00,8277969: HttpClient SelectorManager shuts down when custom Executor rejects a task,filtered\s3_newtests\jdk17u-dev_S3_patches.csv,5291ec8d56b0e89aa96c3d53d9dcf093480cf48f
jdk17u-dev_95fe05a32508fc2ac2eb235a236111e6b9a4eba7,jdk17u-dev,95fe05a32508fc2ac2eb235a236111e6b9a4eba7,S3,C3,95fe05a32508fc2ac2eb235a236111e6b9a4eba7,2025-06-13 14:44:00+00:00,"8136895: Writer not closed with disk full error, file resource leaked",filtered\s3_newtests\jdk17u-dev_S3_patches.csv,d55d7e8d87670043dd22ec6a3fb6cc49b39000cd
jdk17u-dev_77bc699333c257c18a73ac3de0f5286eba60550f,jdk17u-dev,77bc699333c257c18a73ac3de0f5286eba60550f,S3,C3,77bc699333c257c18a73ac3de0f5286eba60550f,2025-06-09 23:16:23+00:00,8312191: ColorConvertOp.filter for the default destination is too slow,filtered\s3_newtests\jdk17u-dev_S3_patches.csv,e5f05b5a963774914751d9c241dd5693ed06af0b
jdk17u-dev_4070736f14d2c036243f8cb2745b2fa8b9d9af13,jdk17u-dev,4070736f14d2c036243f8cb2745b2fa8b9d9af13,S3,C3,4070736f14d2c036243f8cb2745b2fa8b9d9af13,2025-05-26 13:23:56+00:00,8320687: sun.jvmstat.monitor.MonitoredHost.getMonitoredHost() throws unexpected exceptions when invoked concurrently,filtered\s3_newtests\jdk17u-dev_S3_patches.csv,81484d8c0520cf55ec58fc7b4c81880e69537674
jdk17u-dev_1133187ec89f99e80ecc7fc3bd01d73e0ff81223,jdk17u-dev,1133187ec89f99e80ecc7fc3bd01d73e0ff81223,S3,C3,1133187ec89f99e80ecc7fc3bd01d73e0ff81223,2025-04-28 16:46:24+00:00,8314236: Overflow in Collections.rotate,filtered\s3_newtests\jdk17u-dev_S3_patches.csv,3828dc913a3ea28d622b69bd07f26949128eb5f7
jdk17u-dev_9bad4b45f08f369d6a55cbd2bafda10438dc93ed,jdk17u-dev,9bad4b45f08f369d6a55cbd2bafda10438dc93ed,S3,C3,9bad4b45f08f369d6a55cbd2bafda10438dc93ed,2025-04-18 18:24:01+00:00,8316156: ByteArrayInputStream.transferTo causes MaxDirectMemorySize overflow,filtered\s3_newtests\jdk17u-dev_S3_patches.csv,5cacf212f066f5694d01f0891adfbe8b38660175
jdk17u-dev_1f039fe2044edbd09d62914bc99e01facfc453c4,jdk17u-dev,1f039fe2044edbd09d62914bc99e01facfc453c4,S3,C3,1f039fe2044edbd09d62914bc99e01facfc453c4,2025-04-11 13:21:52+00:00,8344361: Restore null return for invalid services from legacy providers,filtered\s3_newtests\jdk17u-dev_S3_patches.csv,e20bd018c4046870d0cf632bb8e5440cb9f5c3c2
jdk17u-dev_6298607643dc00f2d7a2f2c23894fed0618cc78d,jdk17u-dev,6298607643dc00f2d7a2f2c23894fed0618cc78d,S3,C3,6298607643dc00f2d7a2f2c23894fed0618cc78d,2025-04-09 15:49:09+00:00,8309841: Jarsigner should print a warning if an entry is removed,filtered\s3_newtests\jdk17u-dev_S3_patches.csv,bdfb41f977258831e4b0ceaef5d016d095ab6e7f
jdk17u-dev_01425e40cd545b0183d792fc6d3a82bbfb70c468,jdk17u-dev,01425e40cd545b0183d792fc6d3a82bbfb70c468,S3,C3,01425e40cd545b0183d792fc6d3a82bbfb70c468,2025-03-31 18:35:47+00:00,6956385: URLConnection.getLastModified() leaks file handles for jar:file and file: URLs,filtered\s3_newtests\jdk17u-dev_S3_patches.csv,9f98136c3a00ca24d59ffefd58308603b58110c7
jdk17u-dev_574e1ad734409bdcf1b78f0c6b53a7196b3b0d66,jdk17u-dev,574e1ad734409bdcf1b78f0c6b53a7196b3b0d66,S3,C3,574e1ad734409bdcf1b78f0c6b53a7196b3b0d66,2025-03-10 14:22:43+00:00,8316497: ColorConvertOp - typo for non-ICC conversions needs one-line fix,filtered\s3_newtests\jdk17u-dev_S3_patches.csv,dadd9cd1e8434cffaafc7406a864eaa55954cfb8
jdk17u-dev_45a35e8539c3f93be78264832d4f4c462edb071f,jdk17u-dev,45a35e8539c3f93be78264832d4f4c462edb071f,S3,C3,45a35e8539c3f93be78264832d4f4c462edb071f,2025-02-22 15:11:49+00:00,8301989: new javax.swing.text.DefaultCaret().setBlinkRate(N) results in NPE,filtered\s3_newtests\jdk17u-dev_S3_patches.csv,e81f20b50405dc02963c8bf549000c60e78152d8
jdk17u-dev_86d5a0e37a622950d55cb95876a805da5c572793,jdk17u-dev,86d5a0e37a622950d55cb95876a805da5c572793,S3,C3,86d5a0e37a622950d55cb95876a805da5c572793,2025-02-19 17:44:15+00:00,6355567: AdobeMarkerSegment causes failure to read valid JPEG,filtered\s3_newtests\jdk17u-dev_S3_patches.csv,c7c6d47a07100f6c81af6cfad301ec1bda77adf7
jdk17u-dev_cf4fca2f96f8ae20a4645d571ef65b2be1d7a5fb,jdk17u-dev,cf4fca2f96f8ae20a4645d571ef65b2be1d7a5fb,S3,C3,cf4fca2f96f8ae20a4645d571ef65b2be1d7a5fb,2025-02-07 08:33:05+00:00,8266435: WBMPImageReader.read() should not truncate the input stream,filtered\s3_newtests\jdk17u-dev_S3_patches.csv,8198807b4a811040c7d9f65fb98494fc7d840814
jdk17u-dev_d2fb8c273488f0ff57e5f0aacb00d679d7ffa849,jdk17u-dev,d2fb8c273488f0ff57e5f0aacb00d679d7ffa849,S3,C3,d2fb8c273488f0ff57e5f0aacb00d679d7ffa849,2025-01-20 09:02:50+00:00,8311546: Certificate name constraints improperly validated with leading period 8320372: test/jdk/sun/security/x509/DNSName/LeadingPeriod.java validity check failed 8347424: Fix and rewrite sun/security/x509/DNSName/LeadingPeriod.java test,filtered\s3_newtests\jdk17u-dev_S3_patches.csv,bfaf5704e7e71f968b716b5f448860e9cda721b4
jdk17u-dev_25c7a7bdc1470e2e8e8cc0844ce95fac7c501103,jdk17u-dev,25c7a7bdc1470e2e8e8cc0844ce95fac7c501103,S3,C5,25c7a7bdc1470e2e8e8cc0844ce95fac7c501103,2025-01-17 16:55:54+00:00,"8179502: Enhance OCSP, CRL and Certificate Fetch Timeouts",filtered\s3_newtests\jdk17u-dev_S3_patches.csv,2836c34b64e4626e25c86a53e5bef2bf32f95d2e
jdk17u-dev_d3b28d47fac02c6c9848a45f63a9b66437f8fb2c,jdk17u-dev,d3b28d47fac02c6c9848a45f63a9b66437f8fb2c,S3,C3,d3b28d47fac02c6c9848a45f63a9b66437f8fb2c,2025-01-03 10:32:08+00:00,8283387: [macos] a11y : Screen magnifier does not show selected Tab,filtered\s3_newtests\jdk17u-dev_S3_patches.csv,d5cd4a3a28a85bbcaa3c0c7f2e74e0684b5efcab
jdk17u-dev_d7df4c515e1a33ac28c7b1e4f2b391c3b0883891,jdk17u-dev,d7df4c515e1a33ac28c7b1e4f2b391c3b0883891,S3,C5,d7df4c515e1a33ac28c7b1e4f2b391c3b0883891,2025-01-03 10:29:38+00:00,8281234: The -protected option is not always checked in keytool and jarsigner,filtered\s3_newtests\jdk17u-dev_S3_patches.csv,fc918a73d0dcc28146e60f15e978209424a32576
jdk17u-dev_41b4812c2409c9867d9fc2f60777706d07a95875,jdk17u-dev,41b4812c2409c9867d9fc2f60777706d07a95875,S3,C3,41b4812c2409c9867d9fc2f60777706d07a95875,2024-11-11 20:44:15+00:00,8303742: CompletableFuture.orTimeout leaks if the future completes exceptionally 8304557: java/util/concurrent/CompletableFuture/CompletableFutureOrTimeoutExceptionallyTest.java times out,filtered\s3_newtests\jdk17u-dev_S3_patches.csv,ded6a8131970ac2f7ae59716769e6f6bae3b809a
jdk17u-dev_d1be3c9ff3e21c3c2688432835f1b3bcc51142f7,jdk17u-dev,d1be3c9ff3e21c3c2688432835f1b3bcc51142f7,S3,C3,d1be3c9ff3e21c3c2688432835f1b3bcc51142f7,2024-11-05 13:45:46+00:00,8340812: LambdaForm customization via MethodHandle::updateForm is not thread safe,filtered\s3_newtests\jdk17u-dev_S3_patches.csv,47c10694c66bc131c8a5e1572340415b8daaba08
jdk17u-dev_a72e14af66c6625d2f6269938502f46dc9718ce8,jdk17u-dev,a72e14af66c6625d2f6269938502f46dc9718ce8,S3,C3,a72e14af66c6625d2f6269938502f46dc9718ce8,2024-10-30 07:34:46+00:00,7093691: Nimbus LAF: disabled JComboBox using renderer has bad font color,filtered\s3_newtests\jdk17u-dev_S3_patches.csv,87b314a985c5c3937c1d1d8daadd3e9f8b1acd9d
jdk17u-dev_56c03a4a4244c822eec9a45a037465d383a8fafe,jdk17u-dev,56c03a4a4244c822eec9a45a037465d383a8fafe,S3,C3,56c03a4a4244c822eec9a45a037465d383a8fafe,2024-10-21 18:45:34+00:00,8273914: Indy string concat changes order of operations,filtered\s3_newtests\jdk17u-dev_S3_patches.csv,cfee4512f7048e9cf440078e9eb87d37c7ebcdd9
jdk17u-dev_15586dc50be9c8a6a302f22df4112d2539f7fa80,jdk17u-dev,15586dc50be9c8a6a302f22df4112d2539f7fa80,S3,C3,15586dc50be9c8a6a302f22df4112d2539f7fa80,2024-10-05 13:19:21+00:00,8290367: Update default value and extend the scope of com.sun.jndi.ldap.object.trustSerialData system property 8332643: Better Location requests,filtered\s3_newtests\jdk17u-dev_S3_patches.csv,7765942aeee25cbeb5fd932a93b3d8f9d4ca3655
jdk17u-dev_0b3d6c31d175c098ebb02c040890059920eb2322,jdk17u-dev,0b3d6c31d175c098ebb02c040890059920eb2322,S3,C5,0b3d6c31d175c098ebb02c040890059920eb2322,2024-10-03 19:52:40+00:00,8263031: HttpClient throws Exception if it receives a Push Promise that is too large,filtered\s3_newtests\jdk17u-dev_S3_patches.csv,4d2cd26ab5092ad0a169e4239164a869a4255bd3
jdk17u-dev_33cd4b41b3815092b7cbbd324845eeae8cf76257,jdk17u-dev,33cd4b41b3815092b7cbbd324845eeae8cf76257,S3,C3,33cd4b41b3815092b7cbbd324845eeae8cf76257,2024-09-23 14:09:18+00:00,8296410: HttpClient throws java.io.IOException: no statuscode in response for HTTP2,filtered\s3_newtests\jdk17u-dev_S3_patches.csv,f4b140b4200fc0f49161395501d3dbcba7a79059
jdk17u-dev_4120fcc88fb2d7c39fa36add290945c1d3c6aee7,jdk17u-dev,4120fcc88fb2d7c39fa36add290945c1d3c6aee7,S3,C3,4120fcc88fb2d7c39fa36add290945c1d3c6aee7,2024-09-22 14:55:32+00:00,8272746: ZipFile can't open big file (NegativeArraySizeException),filtered\s3_newtests\jdk17u-dev_S3_patches.csv,848b16a3f933c1cffbce93337a5d9b4e48ce4b45
jdk17u-dev_604e92dac4ba1a68bc1e351be8b4f480a62172ef,jdk17u-dev,604e92dac4ba1a68bc1e351be8b4f480a62172ef,S3,C3,604e92dac4ba1a68bc1e351be8b4f480a62172ef,2024-09-17 09:42:44+00:00,8282578: AIOOBE in javax.sound.sampled.Clip,filtered\s3_newtests\jdk17u-dev_S3_patches.csv,af8fb7eef7188ef762399cfb3faf5c8afd49efa7
jdk17u-dev_e336d04e8ce0fe303b2bef1f08b2e4647c113d42,jdk17u-dev,e336d04e8ce0fe303b2bef1f08b2e4647c113d42,S3,C3,e336d04e8ce0fe303b2bef1f08b2e4647c113d42,2024-09-17 09:41:15+00:00,8294193: Files.createDirectories throws FileAlreadyExistsException for a symbolic link whose target is an existing directory,filtered\s3_newtests\jdk17u-dev_S3_patches.csv,169a5d48afbc6627f36a768c17c2a5e56219d9c7
jdk17u-dev_878ceeb3f6a7f720dbf2eb270dddc56f41e01503,jdk17u-dev,878ceeb3f6a7f720dbf2eb270dddc56f41e01503,S3,C3,878ceeb3f6a7f720dbf2eb270dddc56f41e01503,2024-09-10 05:57:54+00:00,8071693: Introspector ignores default interface methods,filtered\s3_newtests\jdk17u-dev_S3_patches.csv,1e4eafb4fe70832294a12938d93e7860073cf4cf
jdk17u-dev_b2c92fd6d16caedba818aa5d4f94bba2f1b9efaf,jdk17u-dev,b2c92fd6d16caedba818aa5d4f94bba2f1b9efaf,S3,C3,b2c92fd6d16caedba818aa5d4f94bba2f1b9efaf,2024-08-30 15:35:53+00:00,8319817: Charset constructor should make defensive copy of aliases,filtered\s3_newtests\jdk17u-dev_S3_patches.csv,d6d7bdc7748c10963c3e58c0287b2472646bf36f
jdk17u-dev_7a53368b2b27585270184316c9b30a6fb27e33e6,jdk17u-dev,7a53368b2b27585270184316c9b30a6fb27e33e6,S3,C3,7a53368b2b27585270184316c9b30a6fb27e33e6,2024-08-07 14:19:00+00:00,8304963: HttpServer closes connection after processing HEAD after JDK-7026262,filtered\s3_newtests\jdk17u-dev_S3_patches.csv,3c4cd50e3cef5905d6c5dacddd6759e118bc50ca
jdk17u-dev_966cafcd14e425061a79e0027dc5ac02c968f270,jdk17u-dev,966cafcd14e425061a79e0027dc5ac02c968f270,S3,C5,966cafcd14e425061a79e0027dc5ac02c968f270,2024-08-07 14:17:01+00:00,7026262: HttpServer: improve handling of finished HTTP exchanges,filtered\s3_newtests\jdk17u-dev_S3_patches.csv,a5ffa079a0d6107be652bc026f5c91b7dcd791f8
jdk17u-dev_7f8fdbd0940c30968f38a226e52e9ce8264a1e74,jdk17u-dev,7f8fdbd0940c30968f38a226e52e9ce8264a1e74,S3,C3,7f8fdbd0940c30968f38a226e52e9ce8264a1e74,2024-08-02 12:02:48+00:00,"8335967: ""text-decoration: none"" does not work with ""A"" HTML tags",filtered\s3_newtests\jdk17u-dev_S3_patches.csv,374fca0fcbc049f937fa49bb4825edcbbf961f2b
jdk17u-dev_10000286390ac9b0288cee25a4f3551d09475fdc,jdk17u-dev,10000286390ac9b0288cee25a4f3551d09475fdc,S3,C3,10000286390ac9b0288cee25a4f3551d09475fdc,2024-08-02 09:09:47+00:00,8292044: HttpClient doesn't handle 102 or 103 properly,filtered\s3_newtests\jdk17u-dev_S3_patches.csv,800e68d6906734242119e4ea033422f037a79857
jdk17u-dev_0bc3783cb4d47e460a0c23db02e231754b275ff3,jdk17u-dev,0bc3783cb4d47e460a0c23db02e231754b275ff3,S3,C3,0bc3783cb4d47e460a0c23db02e231754b275ff3,2024-07-22 18:26:47+00:00,8273430: Suspicious duplicate condition in java.util.regex.Grapheme#isExcludedSpacingMark,filtered\s3_newtests\jdk17u-dev_S3_patches.csv,3d9dc8f824abf597d9b28f456cfeb5af927221b8
jdk17u-dev_14e3de9cb60b5f0449419d523a86fc9d5ee1130a,jdk17u-dev,14e3de9cb60b5f0449419d523a86fc9d5ee1130a,S3,C3,14e3de9cb60b5f0449419d523a86fc9d5ee1130a,2024-07-18 12:15:10+00:00,8319103: Popups that request focus are not shown on Linux with Wayland,filtered\s3_newtests\jdk17u-dev_S3_patches.csv,f3ed27582e16c3a323f590863cbeec6d35e20b58
jdk17u-dev_acff32c3ea372eb0a25edd92f8944d733802d2d0,jdk17u-dev,acff32c3ea372eb0a25edd92f8944d733802d2d0,S3,C3,acff32c3ea372eb0a25edd92f8944d733802d2d0,2024-06-28 09:14:25+00:00,8328896: Fontmetrics for large Fonts has zero width,filtered\s3_newtests\jdk17u-dev_S3_patches.csv,25871af36b1397bdc3715ab0edc589f0483ea0b1
jdk17u-dev_f277b3999f8cd30d5874ce58f290a06538d0189f,jdk17u-dev,f277b3999f8cd30d5874ce58f290a06538d0189f,S3,C5,f277b3999f8cd30d5874ce58f290a06538d0189f,2024-06-26 12:37:38+00:00,8051959: Add thread and timestamp options to java.security.debug system property,filtered\s3_newtests\jdk17u-dev_S3_patches.csv,3b582dff849f1c25336e2efc415eb121f8b12189
jdk17u-dev_c2dd771ec5c1df72c585d8276e024cd5a5c11549,jdk17u-dev,c2dd771ec5c1df72c585d8276e024cd5a5c11549,S3,C3,c2dd771ec5c1df72c585d8276e024cd5a5c11549,2024-06-20 10:07:21+00:00,8301686: TLS 1.3 handshake fails if server_name doesn't match resuming session,filtered\s3_newtests\jdk17u-dev_S3_patches.csv,0259da92831087e918d00b8a83e04c96a6877f41
jdk17u-dev_0a4f92603b76181358326908497220c7d14211b1,jdk17u-dev,0a4f92603b76181358326908497220c7d14211b1,S3,C3,0a4f92603b76181358326908497220c7d14211b1,2024-06-12 09:51:16+00:00,8308184: Launching java with large number of jars in classpath with java.protocol.handler.pkgs system property set can lead to StackOverflowError,filtered\s3_newtests\jdk17u-dev_S3_patches.csv,268ec61d4fa9c5b7d2c7bcafb942b33e5b189974
jdk17u-dev_cda3768ca9d8cf6f41eaf82bf6065a4afc422fe4,jdk17u-dev,cda3768ca9d8cf6f41eaf82bf6065a4afc422fe4,S3,C3,cda3768ca9d8cf6f41eaf82bf6065a4afc422fe4,2024-06-10 08:17:31+00:00,"8326734: text-decoration applied to <span> lost when mixed with <u> or <s> 8325620: HTMLReader uses ConvertAction instead of specified CharacterAction for <b>, <i>, <u>",filtered\s3_newtests\jdk17u-dev_S3_patches.csv,cd3e4c03661f770ebeefcd3637d56589243ac0a9
jdk17u-dev_ffa8a102da9760711b303248f41a23646dcb897a,jdk17u-dev,ffa8a102da9760711b303248f41a23646dcb897a,S3,C3,ffa8a102da9760711b303248f41a23646dcb897a,2024-06-07 15:20:26+00:00,8292948: JEditorPane ignores font-size styles in external linked css-file,filtered\s3_newtests\jdk17u-dev_S3_patches.csv,1caba0f13c42121c9e1c6648715ec7c31349b537
jdk17u-dev_2db15017683a4b72798439c39e96038d0ca9c4fe,jdk17u-dev,2db15017683a4b72798439c39e96038d0ca9c4fe,S3,C3,2db15017683a4b72798439c39e96038d0ca9c4fe,2024-06-06 09:46:23+00:00,8323801: <s> tag doesn't strikethrough the text,filtered\s3_newtests\jdk17u-dev_S3_patches.csv,80b63b67293970936d57ae4375ad76cd2b11a333
jdk17u-dev_08b3f72ac5485f0d56dac7c26af859ce08ae7dfc,jdk17u-dev,08b3f72ac5485f0d56dac7c26af859ce08ae7dfc,S3,C3,08b3f72ac5485f0d56dac7c26af859ce08ae7dfc,2024-06-05 08:38:27+00:00,"8312229: Crash involving yield, switch and anonymous classes",filtered\s3_newtests\jdk17u-dev_S3_patches.csv,1f81e5b19ebfb7cd1b5a01d6cf79efda7e827c35
jdk17u-dev_cc3f0e52bfee9d96c464ae55999e834717aa3772,jdk17u-dev,cc3f0e52bfee9d96c464ae55999e834717aa3772,S3,C3,cc3f0e52bfee9d96c464ae55999e834717aa3772,2024-05-29 10:25:39+00:00,8308144: Uncontrolled memory consumption in SSLFlowDelegate.Reader,filtered\s3_newtests\jdk17u-dev_S3_patches.csv,099a8f5b2f924fddd43ff72f3f7c6f34b6c15b0f
jdk17u-dev_d1e31f6f6a455572c2d5b6f118ce54fa040e0e82,jdk17u-dev,d1e31f6f6a455572c2d5b6f118ce54fa040e0e82,S3,C3,d1e31f6f6a455572c2d5b6f118ce54fa040e0e82,2024-05-28 08:32:14+00:00,8289643: File descriptor leak with ProcessBuilder.startPipeline 8290885: java/lang/ProcessBuilder/PipelineLeaksFD.java fail: More or fewer pipes than expected,filtered\s3_newtests\jdk17u-dev_S3_patches.csv,620c8a045f92126c2552347b9f369405ab2d6d36
jdk17u-dev_aea8e4a101e6910d7a3d07be021cba30fe5c6530,jdk17u-dev,aea8e4a101e6910d7a3d07be021cba30fe5c6530,S3,C3,aea8e4a101e6910d7a3d07be021cba30fe5c6530,2024-04-29 07:41:21+00:00,8264322: Generate CDS archive when creating custom JDK image,filtered\s3_newtests\jdk17u-dev_S3_patches.csv,f608e81ad8309a001b8a92563a93b8adee1ce2b8
jdk17u-dev_52d1f0c4389699eab63b49f46d11e3060db6ce2f,jdk17u-dev,52d1f0c4389699eab63b49f46d11e3060db6ce2f,S3,C3,52d1f0c4389699eab63b49f46d11e3060db6ce2f,2024-04-28 21:51:08+00:00,8329013: StackOverflowError when starting Apache Tomcat with signed jar,filtered\s3_newtests\jdk17u-dev_S3_patches.csv,925d82931c09dc11ea5a3bc410ea5cfd67ee14aa
jdk17u-dev_cacc30b77cab0173ea14601094a5b5b3106ce2f5,jdk17u-dev,cacc30b77cab0173ea14601094a5b5b3106ce2f5,S3,C3,cacc30b77cab0173ea14601094a5b5b3106ce2f5,2024-04-16 09:05:23+00:00,8326643: JDK server does not send a dummy change_cipher_spec record after HelloRetryRequest message,filtered\s3_newtests\jdk17u-dev_S3_patches.csv,d44aaa37f98dd383aebbec097427feb1f1c29b74
jdk17u-dev_fc01ffe952f781f7510575b015c64cfc6b7431ed,jdk17u-dev,fc01ffe952f781f7510575b015c64cfc6b7431ed,S3,C5,fc01ffe952f781f7510575b015c64cfc6b7431ed,2024-04-09 18:18:09+00:00,8320570: NegativeArraySizeException decoding >1G UTF8 bytes with non-ascii characters,filtered\s3_newtests\jdk17u-dev_S3_patches.csv,82796bdebbf56b98ec97a6d572ed68c2842f60c6
jdk17u-dev_08debe83ae06b613dbc4b160972d1d50bb319578,jdk17u-dev,08debe83ae06b613dbc4b160972d1d50bb319578,S3,C3,08debe83ae06b613dbc4b160972d1d50bb319578,2024-04-02 09:14:56+00:00,8306040: HttpResponseInputStream.available() returns 1 on empty stream,filtered\s3_newtests\jdk17u-dev_S3_patches.csv,acaab6fd74f507bb6b18167505d88e505bdf24bd
jdk17u-dev_5ecac7a2bf51ea3f92a4a5eb1e1e9134cfa7e677,jdk17u-dev,5ecac7a2bf51ea3f92a4a5eb1e1e9134cfa7e677,S3,C3,5ecac7a2bf51ea3f92a4a5eb1e1e9134cfa7e677,2024-04-02 08:39:36+00:00,8280377: MethodHandleProxies does not correctly invoke default methods with varags,filtered\s3_newtests\jdk17u-dev_S3_patches.csv,a183bfb436a7dd998e602c2d16486e88c390fca1
jdk17u-dev_43956686c924658ee2d7866e46ee9f10d9595c35,jdk17u-dev,43956686c924658ee2d7866e46ee9f10d9595c35,S3,C3,43956686c924658ee2d7866e46ee9f10d9595c35,2024-02-16 20:59:34+00:00,8305906: HttpClient may use incorrect key when finding pooled HTTP/2 connection for IPv6 address,filtered\s3_newtests\jdk17u-dev_S3_patches.csv,3ccb3c0e09f9a414229d3f76031f3fc8f271c936
jdk17u-dev_561f956db2abd8908b8b2b3dca10bac1a1e0bfb7,jdk17u-dev,561f956db2abd8908b8b2b3dca10bac1a1e0bfb7,S3,C3,561f956db2abd8908b8b2b3dca10bac1a1e0bfb7,2024-01-25 02:25:40+00:00,8308245: Add -proc:full to describe current default annotation processing policy,filtered\s3_newtests\jdk17u-dev_S3_patches.csv,42ecc8a37ffc7e4ad7beb49cac7d821c00a5568e
jdk17u-dev_f13310825600518699b4e5ea4c6929357b146eab,jdk17u-dev,f13310825600518699b4e5ea4c6929357b146eab,S3,C5,f13310825600518699b4e5ea4c6929357b146eab,2024-01-17 21:21:47+00:00,8305972: Update XML Security for Java to 3.0.2,filtered\s3_newtests\jdk17u-dev_S3_patches.csv,f0aebc8141de5a50c88658a40caa01967a9afc53
jdk17u-dev_092758703e25644cc6f867ec8a4fbd4e23e8cd3a,jdk17u-dev,092758703e25644cc6f867ec8a4fbd4e23e8cd3a,S3,C3,092758703e25644cc6f867ec8a4fbd4e23e8cd3a,2024-01-10 01:10:23+00:00,6928542: Chinese characters in RTF are not decoded,filtered\s3_newtests\jdk17u-dev_S3_patches.csv,a26f7c03c72e4efe6d3219d294294c554aebc631
jdk17u-dev_f6f32bf256e34447f54be823fdfb2e64e235e404,jdk17u-dev,f6f32bf256e34447f54be823fdfb2e64e235e404,S3,C3,f6f32bf256e34447f54be823fdfb2e64e235e404,2024-01-09 14:48:02+00:00,8276123: ZipFile::getEntry will not return a file entry when there is a directory entry of the same name within a Zip File,filtered\s3_newtests\jdk17u-dev_S3_patches.csv,b85500e52479c48b02a96b28fddefa2b25d5d9bd
jdk21u_eb8320ce840175f1f132673824ef8e67850814da,jdk21u,eb8320ce840175f1f132673824ef8e67850814da,S3,C3,eb8320ce840175f1f132673824ef8e67850814da,2025-05-14 08:50:03+00:00,8344925: translet-name ignored when package-name is also set,filtered\s3_newtests\jdk21u-dev_S3_patches.csv,3989a199578fc1d91988cfdbb95f11dd6d4c7b81
jdk21u_e227f6aab16a4e4603723f66e8bce8f2c479f7fc,jdk21u,e227f6aab16a4e4603723f66e8bce8f2c479f7fc,S3,C3,e227f6aab16a4e4603723f66e8bce8f2c479f7fc,2025-05-11 23:27:00+00:00,8210471: GZIPInputStream constructor could leak an un-end()ed Inflater,filtered\s3_newtests\jdk21u-dev_S3_patches.csv,d9e7b7e7da98a0170d26301a4bbd61aad0127c6e
jdk21u_c2228cc099d300edfb90958ae1d98acd698f9ff9,jdk21u,c2228cc099d300edfb90958ae1d98acd698f9ff9,S3,C3,c2228cc099d300edfb90958ae1d98acd698f9ff9,2025-04-30 20:38:33+00:00,8320948: NPE due to unreported compiler error,filtered\s3_newtests\jdk21u-dev_S3_patches.csv,a9cb120d03e5b2efa244086e213d3b9e4706558a
jdk21u_67ba686a2e3ac7a31bd754f6cd1cc51ef861febf,jdk21u,67ba686a2e3ac7a31bd754f6cd1cc51ef861febf,S3,C3,67ba686a2e3ac7a31bd754f6cd1cc51ef861febf,2025-04-28 16:46:56+00:00,8314236: Overflow in Collections.rotate,filtered\s3_newtests\jdk21u-dev_S3_patches.csv,3828dc913a3ea28d622b69bd07f26949128eb5f7
jdk21u_4c1d231925ccfd133e1fdd8d875bbd3141360e86,jdk21u,4c1d231925ccfd133e1fdd8d875bbd3141360e86,S3,C3,4c1d231925ccfd133e1fdd8d875bbd3141360e86,2025-04-28 16:46:28+00:00,8320687: sun.jvmstat.monitor.MonitoredHost.getMonitoredHost() throws unexpected exceptions when invoked concurrently,filtered\s3_newtests\jdk21u-dev_S3_patches.csv,81484d8c0520cf55ec58fc7b4c81880e69537674
jdk21u_a02cecf238969bcde7eb2d00fb15514a434c8a44,jdk21u,a02cecf238969bcde7eb2d00fb15514a434c8a44,S3,C3,a02cecf238969bcde7eb2d00fb15514a434c8a44,2025-04-28 14:28:04+00:00,8347506: Compatible OCSP readtimeout property with OCSP timeout,filtered\s3_newtests\jdk21u-dev_S3_patches.csv,f8e81d23393cbc04557e3975edd8898901dd6d26
jdk21u_2fb9ef2b63c2294aeb55184bf65f5e2d1107fcaf,jdk21u,2fb9ef2b63c2294aeb55184bf65f5e2d1107fcaf,S3,C3,2fb9ef2b63c2294aeb55184bf65f5e2d1107fcaf,2025-04-28 13:12:05+00:00,8327461: KeyStore getEntry is not thread-safe,filtered\s3_newtests\jdk21u-dev_S3_patches.csv,ffd43c922e3b8b75a00e494d5484b6a487dd5c90
jdk21u_550131530068717c85a7802e2db1578608b10374,jdk21u,550131530068717c85a7802e2db1578608b10374,S3,C3,550131530068717c85a7802e2db1578608b10374,2025-04-21 08:13:36+00:00,8200566: DistributionPointFetcher fails to fetch CRLs if the DistributionPoints field contains more than one DistributionPoint and the first one fails,filtered\s3_newtests\jdk21u-dev_S3_patches.csv,e70264654570155a39d0841ce82b9dd52ca0389c
jdk21u_091c56980c5b3b5666235fdb95c60dd10d3071be,jdk21u,091c56980c5b3b5666235fdb95c60dd10d3071be,S3,C3,091c56980c5b3b5666235fdb95c60dd10d3071be,2025-04-21 08:11:10+00:00,8309667: TLS handshake fails because of ConcurrentModificationException in PKCS12KeyStore.engineGetEntry,filtered\s3_newtests\jdk21u-dev_S3_patches.csv,d2e2c4cef1f15a3fc7f1f619470d23ae6bb37725
jdk21u_c40e6ef3dcb25b8acc156aa4051694322bf7e351,jdk21u,c40e6ef3dcb25b8acc156aa4051694322bf7e351,S3,C3,c40e6ef3dcb25b8acc156aa4051694322bf7e351,2025-04-18 19:38:57+00:00,8337998: CompletionFailure in getEnclosingType attaching type annotations,filtered\s3_newtests\jdk21u-dev_S3_patches.csv,9e282e5c966a9c065de8b901b7d30bb5c9ccf243
jdk21u_28cb19e41bf3cd949d3f99d44cdfe0b1fe778bfa,jdk21u,28cb19e41bf3cd949d3f99d44cdfe0b1fe778bfa,S3,C3,28cb19e41bf3cd949d3f99d44cdfe0b1fe778bfa,2025-04-14 16:36:06+00:00,"8136895: Writer not closed with disk full error, file resource leaked",filtered\s3_newtests\jdk21u-dev_S3_patches.csv,d55d7e8d87670043dd22ec6a3fb6cc49b39000cd
jdk21u_0306421f2a3677a73f94492037dd2c10235eca34,jdk21u,0306421f2a3677a73f94492037dd2c10235eca34,S3,C3,0306421f2a3677a73f94492037dd2c10235eca34,2025-04-09 15:48:08+00:00,8309841: Jarsigner should print a warning if an entry is removed,filtered\s3_newtests\jdk21u-dev_S3_patches.csv,bdfb41f977258831e4b0ceaef5d016d095ab6e7f
jdk21u_6cd096eb71689f691736d0d93f0f3eb6cf51b971,jdk21u,6cd096eb71689f691736d0d93f0f3eb6cf51b971,S3,C3,6cd096eb71689f691736d0d93f0f3eb6cf51b971,2025-04-07 16:17:49+00:00,8328864: NullPointerException in sun.security.jca.ProviderList.getService(),filtered\s3_newtests\jdk21u-dev_S3_patches.csv,cd3a607576bede17f48c3d5ebde2bf05f3b615ba
jdk21u_e8daf0c703dc926f00ac106b25be5aa95ec33249,jdk21u,e8daf0c703dc926f00ac106b25be5aa95ec33249,S3,C3,e8daf0c703dc926f00ac106b25be5aa95ec33249,2025-04-07 15:28:13+00:00,8344361: Restore null return for invalid services from legacy providers,filtered\s3_newtests\jdk21u-dev_S3_patches.csv,e20bd018c4046870d0cf632bb8e5440cb9f5c3c2
jdk21u_d7fa4bbb9460e0c7de9aa23552454d4278e8d669,jdk21u,d7fa4bbb9460e0c7de9aa23552454d4278e8d669,S3,C3,d7fa4bbb9460e0c7de9aa23552454d4278e8d669,2025-04-03 23:08:07+00:00,8337681: PNGImageWriter uses much more memory than necessary,filtered\s3_newtests\jdk21u-dev_S3_patches.csv,89a15f1414f89d2dd32eac791e9155fcb4207e56
jdk21u_c662d7dc248e6a46b52a1d620fa42c3081a90ccf,jdk21u,c662d7dc248e6a46b52a1d620fa42c3081a90ccf,S3,C5,c662d7dc248e6a46b52a1d620fa42c3081a90ccf,2025-04-03 14:21:47+00:00,8339538: Wrong timeout computations in DnsClient 8220213: com/sun/jndi/dns/ConfigTests/Timeout.java failed intermittent,filtered\s3_newtests\jdk21u-dev_S3_patches.csv,4beb77192f54f27183285400d7cae7528df64e43
jdk21u_fc6e5755db1dd37a4f0dc295f0a49a236119e943,jdk21u,fc6e5755db1dd37a4f0dc295f0a49a236119e943,S3,C3,fc6e5755db1dd37a4f0dc295f0a49a236119e943,2025-03-27 16:30:51+00:00,6956385: URLConnection.getLastModified() leaks file handles for jar:file and file: URLs,filtered\s3_newtests\jdk21u-dev_S3_patches.csv,9f98136c3a00ca24d59ffefd58308603b58110c7
jdk21u_32ac3e713ea4370e496717967fff7de9450d2f69,jdk21u,32ac3e713ea4370e496717967fff7de9450d2f69,S3,C3,32ac3e713ea4370e496717967fff7de9450d2f69,2025-03-22 00:16:13+00:00,8342075: HttpClient: improve HTTP/2 flow control checks,filtered\s3_newtests\jdk21u-dev_S3_patches.csv,b0ac633b2d0076d64b463b2a6ce19abf6b12c50f
jdk21u_209939a90e9b804da4c37ebd978b088cb8f41ead,jdk21u,209939a90e9b804da4c37ebd978b088cb8f41ead,S3,C4,209939a90e9b804da4c37ebd978b088cb8f41ead,2025-03-20 14:14:41+00:00,8335181: Incorrect handling of HTTP/2 GOAWAY frames in HttpClient,filtered\s3_newtests\jdk21u-dev_S3_patches.csv,720b44648bcff997278af92746f942b2425298a5
jdk21u_d8291f593762ab270bf05643b87c57578d716242,jdk21u,d8291f593762ab270bf05643b87c57578d716242,S3,C5,d8291f593762ab270bf05643b87c57578d716242,2025-03-19 16:43:27+00:00,8316580: HttpClient with StructuredTaskScope does not close when a task fails,filtered\s3_newtests\jdk21u-dev_S3_patches.csv,fc98998627443d6e73ac70661f47f48b30525712
jdk21u_071aaf8f736d258d04fcc7c025befa9125c67235,jdk21u,071aaf8f736d258d04fcc7c025befa9125c67235,S3,C3,071aaf8f736d258d04fcc7c025befa9125c67235,2025-03-10 13:56:50+00:00,8316497: ColorConvertOp - typo for non-ICC conversions needs one-line fix,filtered\s3_newtests\jdk21u-dev_S3_patches.csv,dadd9cd1e8434cffaafc7406a864eaa55954cfb8
jdk21u_99a9299150e0130fa01c8400800d41b0b537d032,jdk21u,99a9299150e0130fa01c8400800d41b0b537d032,S3,C3,99a9299150e0130fa01c8400800d41b0b537d032,2025-01-20 09:03:19+00:00,8311546: Certificate name constraints improperly validated with leading period 8320372: test/jdk/sun/security/x509/DNSName/LeadingPeriod.java validity check failed 8347424: Fix and rewrite sun/security/x509/DNSName/LeadingPeriod.java test,filtered\s3_newtests\jdk21u-dev_S3_patches.csv,bfaf5704e7e71f968b716b5f448860e9cda721b4
jdk21u_ddddc1a0eed66c973a62f981bdd8f83f36ff5cb6,jdk21u,ddddc1a0eed66c973a62f981bdd8f83f36ff5cb6,S3,C3,ddddc1a0eed66c973a62f981bdd8f83f36ff5cb6,2025-01-16 08:14:55+00:00,8304701: Request with timeout aborts later in-flight request on HTTP/1.1 cxn,filtered\s3_newtests\jdk21u-dev_S3_patches.csv,bddcd086b7c76d915aaa76427c2ae4088ad4239f
jdk21u_85e5a5c6e160a92cf599e649413e08fe03df6de5,jdk21u,85e5a5c6e160a92cf599e649413e08fe03df6de5,S3,C5,85e5a5c6e160a92cf599e649413e08fe03df6de5,2024-12-24 11:19:16+00:00,8335288: SunPKCS11 initialization will call C_GetMechanismInfo on unsupported mechanisms,filtered\s3_newtests\jdk21u-dev_S3_patches.csv,fdfe503d016086cf78b5a8c27dbe45f0261c68ab
jdk21u_e45287d1ad9dcadf8a23d3271f1b675b8dade0ac,jdk21u,e45287d1ad9dcadf8a23d3271f1b675b8dade0ac,S3,C5,e45287d1ad9dcadf8a23d3271f1b675b8dade0ac,2024-12-04 01:02:53+00:00,8335912: Add an operation mode to the jar command when extracting to not overwriting existing files,filtered\s3_newtests\jdk21u-dev_S3_patches.csv,158b93d19a518d2b9d3d185e2d4c4dbff9c82aab
jdk21u_d383ba546ca749d21ad39288e47335135e7b2142,jdk21u,d383ba546ca749d21ad39288e47335135e7b2142,S3,C3,d383ba546ca749d21ad39288e47335135e7b2142,2024-12-02 15:52:28+00:00,8322809: SystemModulesMap::classNames and moduleNames arrays do not match the order,filtered\s3_newtests\jdk21u-dev_S3_patches.csv,f3be138eb80c9e7f6cc21afb75cda9e49b667c8a
jdk21u_948710fb048532e0432629ef90bd6f3298786569,jdk21u,948710fb048532e0432629ef90bd6f3298786569,S3,C3,948710fb048532e0432629ef90bd6f3298786569,2024-11-18 15:12:49+00:00,8338389: [JFR] Long strings should be added to the string pool,filtered\s3_newtests\jdk21u-dev_S3_patches.csv,d5c6158cedfd96a9f97d83355b10730b81274648
jdk21u_d7c2775a1eb12903ebec262e1d6b3ddc7564532c,jdk21u,d7c2775a1eb12903ebec262e1d6b3ddc7564532c,S3,C3,d7c2775a1eb12903ebec262e1d6b3ddc7564532c,2024-11-05 13:42:52+00:00,8340812: LambdaForm customization via MethodHandle::updateForm is not thread safe,filtered\s3_newtests\jdk21u-dev_S3_patches.csv,47c10694c66bc131c8a5e1572340415b8daaba08
jdk21u_b002ba635758d820e4da275949afb6efa8a1ebfb,jdk21u,b002ba635758d820e4da275949afb6efa8a1ebfb,S3,C3,b002ba635758d820e4da275949afb6efa8a1ebfb,2024-10-11 07:51:11+00:00,8334719: (se) Deferred close of SelectableChannel may result in a Selector doing the final close before concurrent I/O on channel has completed,filtered\s3_newtests\jdk21u-dev_S3_patches.csv,9bb675f89dd1eeec423ca96cb3f96d29f5de477c
jdk21u_edd6437324d5f0a2f8848f09c0936b6ebfbe82bf,jdk21u,edd6437324d5f0a2f8848f09c0936b6ebfbe82bf,S3,C3,edd6437324d5f0a2f8848f09c0936b6ebfbe82bf,2024-08-14 13:01:48+00:00,8319817: Charset constructor should make defensive copy of aliases,filtered\s3_newtests\jdk21u-dev_S3_patches.csv,d6d7bdc7748c10963c3e58c0287b2472646bf36f
jdk21u_5acb02287b474a3393d4a371d6da55dba3b2ad2b,jdk21u,5acb02287b474a3393d4a371d6da55dba3b2ad2b,S3,C3,5acb02287b474a3393d4a371d6da55dba3b2ad2b,2024-08-14 06:16:44+00:00,6355567: AdobeMarkerSegment causes failure to read valid JPEG,filtered\s3_newtests\jdk21u-dev_S3_patches.csv,c7c6d47a07100f6c81af6cfad301ec1bda77adf7
jdk21u_7c2666d9e5d016199ead47f8edb3f94ef1d469d3,jdk21u,7c2666d9e5d016199ead47f8edb3f94ef1d469d3,S3,C3,7c2666d9e5d016199ead47f8edb3f94ef1d469d3,2024-08-02 09:10:08+00:00,"8335967: ""text-decoration: none"" does not work with ""A"" HTML tags",filtered\s3_newtests\jdk21u-dev_S3_patches.csv,374fca0fcbc049f937fa49bb4825edcbbf961f2b
jdk21u_69aab6aee1594aba1b6d7fe9d1b2e4562b64d495,jdk21u,69aab6aee1594aba1b6d7fe9d1b2e4562b64d495,S3,C3,69aab6aee1594aba1b6d7fe9d1b2e4562b64d495,2024-07-18 07:51:13+00:00,8333542: Breakpoint in parallel code does not work,filtered\s3_newtests\jdk21u-dev_S3_patches.csv,b3bf31a0a08da679ec2fd21613243fb17b1135a9
jdk21u_65cf18ae6849bd9374865d505169336a24503b6c,jdk21u,65cf18ae6849bd9374865d505169336a24503b6c,S3,C3,65cf18ae6849bd9374865d505169336a24503b6c,2024-06-26 10:42:42+00:00,8328896: Fontmetrics for large Fonts has zero width,filtered\s3_newtests\jdk21u-dev_S3_patches.csv,25871af36b1397bdc3715ab0edc589f0483ea0b1
jdk21u_e257ae5ecd31adb60bc54c3971ef0f25342d94f8,jdk21u,e257ae5ecd31adb60bc54c3971ef0f25342d94f8,S3,C5,e257ae5ecd31adb60bc54c3971ef0f25342d94f8,2024-06-26 10:42:26+00:00,8051959: Add thread and timestamp options to java.security.debug system property,filtered\s3_newtests\jdk21u-dev_S3_patches.csv,3b582dff849f1c25336e2efc415eb121f8b12189
jdk21u_f2e567ab13b0dac0bd4bd127ee10dac3e9f4240b,jdk21u,f2e567ab13b0dac0bd4bd127ee10dac3e9f4240b,S3,C3,f2e567ab13b0dac0bd4bd127ee10dac3e9f4240b,2024-06-18 09:14:13+00:00,8301686: TLS 1.3 handshake fails if server_name doesn't match resuming session,filtered\s3_newtests\jdk21u-dev_S3_patches.csv,0259da92831087e918d00b8a83e04c96a6877f41
jdk21u_8991255fa016ad16d556c827e2cbe4cac7f22c48,jdk21u,8991255fa016ad16d556c827e2cbe4cac7f22c48,S3,C3,8991255fa016ad16d556c827e2cbe4cac7f22c48,2024-06-06 08:23:20+00:00,"8326734: text-decoration applied to <span> lost when mixed with <u> or <s> 8325620: HTMLReader uses ConvertAction instead of specified CharacterAction for <b>, <i>, <u>",filtered\s3_newtests\jdk21u-dev_S3_patches.csv,cd3e4c03661f770ebeefcd3637d56589243ac0a9
jdk21u_ec7a205b56a35566164c3bcc37fdb9ee9b87ba35,jdk21u,ec7a205b56a35566164c3bcc37fdb9ee9b87ba35,S3,C3,ec7a205b56a35566164c3bcc37fdb9ee9b87ba35,2024-06-04 16:23:05+00:00,8323801: <s> tag doesn't strikethrough the text,filtered\s3_newtests\jdk21u-dev_S3_patches.csv,80b63b67293970936d57ae4375ad76cd2b11a333
jdk21u_2144c0e2446e882b18b32573bbc977c1b070b603,jdk21u,2144c0e2446e882b18b32573bbc977c1b070b603,S3,C3,2144c0e2446e882b18b32573bbc977c1b070b603,2024-06-03 09:09:33+00:00,8330748: ByteArrayOutputStream.writeTo(OutputStream) pins carrier,filtered\s3_newtests\jdk21u-dev_S3_patches.csv,819f3d6fc70ff6fe54ac5f9033c17c3dd4326aa5
jdk21u_dc831aa750351c2b38cf5fee42d93ff62a230a28,jdk21u,dc831aa750351c2b38cf5fee42d93ff62a230a28,S3,C3,dc831aa750351c2b38cf5fee42d93ff62a230a28,2024-06-03 09:05:34+00:00,8328953: JEditorPane.read throws ChangedCharSetException,filtered\s3_newtests\jdk21u-dev_S3_patches.csv,245514da51ef77757f530317e079a3f58370a0be
jdk21u_8d4f686ef1a832511767dbd470d082459f14badb,jdk21u,8d4f686ef1a832511767dbd470d082459f14badb,S3,C3,8d4f686ef1a832511767dbd470d082459f14badb,2024-05-31 09:02:04+00:00,"8312229: Crash involving yield, switch and anonymous classes",filtered\s3_newtests\jdk21u-dev_S3_patches.csv,1f81e5b19ebfb7cd1b5a01d6cf79efda7e827c35
jdk21u_0a2e2e707dce937cd134f07a692084449247db5b,jdk21u,0a2e2e707dce937cd134f07a692084449247db5b,S3,C3,0a2e2e707dce937cd134f07a692084449247db5b,2024-05-16 21:52:11+00:00,8308144: Uncontrolled memory consumption in SSLFlowDelegate.Reader,filtered\s3_newtests\jdk21u-dev_S3_patches.csv,099a8f5b2f924fddd43ff72f3f7c6f34b6c15b0f
jdk21u_ec6b32601095017a2641f4b82143e83bef5f37b6,jdk21u,ec6b32601095017a2641f4b82143e83bef5f37b6,S3,C4,ec6b32601095017a2641f4b82143e83bef5f37b6,2024-05-07 09:47:45+00:00,8310913: Move ReferencedKeyMap to jdk.internal so it may be shared,filtered\s3_newtests\jdk21u-dev_S3_patches.csv,6af0af593446bc33dc94bbf7334c325c4ac0ac0f
jdk21u_2331bc75b02ddcc093ef5811a7452f9999b4c8d6,jdk21u,2331bc75b02ddcc093ef5811a7452f9999b4c8d6,S3,C3,2331bc75b02ddcc093ef5811a7452f9999b4c8d6,2024-04-25 09:30:25+00:00,8329013: StackOverflowError when starting Apache Tomcat with signed jar,filtered\s3_newtests\jdk21u-dev_S3_patches.csv,925d82931c09dc11ea5a3bc410ea5cfd67ee14aa
jdk21u_80cf08aa0b1b9f5d5bd19e1b6a88f6725b233f30,jdk21u,80cf08aa0b1b9f5d5bd19e1b6a88f6725b233f30,S3,C3,80cf08aa0b1b9f5d5bd19e1b6a88f6725b233f30,2024-04-03 08:58:07+00:00,8294985: SSLEngine throws IAE during parsing of X500Principal,filtered\s3_newtests\jdk21u-dev_S3_patches.csv,80edd5c298f21c5e5be3a0c2bb63129e76e0334f
jdk21u_2800d8bc708f7ccdf32ef64c52f99f40b1459698,jdk21u,2800d8bc708f7ccdf32ef64c52f99f40b1459698,S3,C3,2800d8bc708f7ccdf32ef64c52f99f40b1459698,2024-04-01 16:25:08+00:00,8326643: JDK server does not send a dummy change_cipher_spec record after HelloRetryRequest message,filtered\s3_newtests\jdk21u-dev_S3_patches.csv,d44aaa37f98dd383aebbec097427feb1f1c29b74
jdk21u_93a4707f13aafc08a131e24c3c5ccbbe189da529,jdk21u,93a4707f13aafc08a131e24c3c5ccbbe189da529,S3,C3,93a4707f13aafc08a131e24c3c5ccbbe189da529,2024-03-19 17:36:25+00:00,7001133: OutOfMemoryError by CustomMediaSizeName implementation,filtered\s3_newtests\jdk21u-dev_S3_patches.csv,10335f60f923aa4f315e64acb2bfd7bb06d47a1b
jdk21u_779204c941225f76aa85299bacfae59deccef082,jdk21u,779204c941225f76aa85299bacfae59deccef082,S3,C3,779204c941225f76aa85299bacfae59deccef082,2024-03-11 22:22:14+00:00,8320570: NegativeArraySizeException decoding >1G UTF8 bytes with non-ascii characters,filtered\s3_newtests\jdk21u-dev_S3_patches.csv,82796bdebbf56b98ec97a6d572ed68c2842f60c6
jdk21u_4244cb0d9927bd2b6c565b10e6bd40be0c3c7843,jdk21u,4244cb0d9927bd2b6c565b10e6bd40be0c3c7843,S3,C3,4244cb0d9927bd2b6c565b10e6bd40be0c3c7843,2024-03-05 11:57:40+00:00,8306040: HttpResponseInputStream.available() returns 1 on empty stream,filtered\s3_newtests\jdk21u-dev_S3_patches.csv,acaab6fd74f507bb6b18167505d88e505bdf24bd
jdk21u_309a16e6093fbcc0d856fcd1009808ddf52f1181,jdk21u,309a16e6093fbcc0d856fcd1009808ddf52f1181,S3,C3,309a16e6093fbcc0d856fcd1009808ddf52f1181,2024-01-18 03:49:26+00:00,8323659: LinkedTransferQueue add and put methods call overridable offer,filtered\s3_newtests\jdk21u-dev_S3_patches.csv,ee4d9aa4c11c47e7cf15f2742919ac20311f9ea7
jdk21u_fcf9ebde634a7274fc110094f613e0c0af979893,jdk21u,fcf9ebde634a7274fc110094f613e0c0af979893,S3,C3,fcf9ebde634a7274fc110094f613e0c0af979893,2024-01-17 16:07:18+00:00,8319103: Popups that request focus are not shown on Linux with Wayland,filtered\s3_newtests\jdk21u-dev_S3_patches.csv,f3ed27582e16c3a323f590863cbeec6d35e20b58
jdk21u_f57f2cbaa08e53a81a803bde982d912feea15515,jdk21u,f57f2cbaa08e53a81a803bde982d912feea15515,S3,C3,f57f2cbaa08e53a81a803bde982d912feea15515,2024-01-16 16:06:21+00:00,8321164: javac with annotation processor throws AssertionError: Filling jrt:/... during JarFileObject[/...],filtered\s3_newtests\jdk21u-dev_S3_patches.csv,03c4595173d564df97aa4f2b3156adcd4be379fa
jdk21u_a1d7bcfd0754ed2748d08a9d55f90a2d73f2a4af,jdk21u,a1d7bcfd0754ed2748d08a9d55f90a2d73f2a4af,S3,C3,a1d7bcfd0754ed2748d08a9d55f90a2d73f2a4af,2024-01-10 01:06:36+00:00,6928542: Chinese characters in RTF are not decoded,filtered\s3_newtests\jdk21u-dev_S3_patches.csv,a26f7c03c72e4efe6d3219d294294c554aebc631
jdk21u_a85f3f8300245d97daee8f35f4ebdeb442fe1fdb,jdk21u,a85f3f8300245d97daee8f35f4ebdeb442fe1fdb,S3,C3,a85f3f8300245d97daee8f35f4ebdeb442fe1fdb,2024-01-08 12:08:42+00:00,8320145: Compiler should accept final variable in Record Pattern,filtered\s3_newtests\jdk21u-dev_S3_patches.csv,4ba94ef69ef2ee576c50bb6003a795746dcdf30d
jdk8u-dev_ddce2b5d39cb780c84d0c4d3bf01df2fe5d3d989,jdk8u-dev,ddce2b5d39cb780c84d0c4d3bf01df2fe5d3d989,S3,C5,ddce2b5d39cb780c84d0c4d3bf01df2fe5d3d989,2024-07-08 19:19:20+00:00,8299677: Formatter.format might take a long time to format an integer or floating-point,filtered\s3_newtests\jdk8u-dev_S3_patches.csv,33412c102ce799ff2de3512df77e6e07d76acd36
logstash_17522_8.x,logstash,17522_8.x,S3,C1,d0d3697f736074f981787a357d6aeb1d2f43dfcc,2025-04-09 17:00:16+00:00,setting: enforce non-nullable (restore 8.15.x behavior) (#17522) (#17526),filtered\s3_newtests\logstash_S3_patches.csv,712b37e1df333e8d156cb5d26fbc24aafcbfd2cd
sql_4618_2.19-dev,sql,4618_2.19-dev,S3,C4,d20b4dbbda99da816b27c065a29158ea3c2d243f,2025-11-04 05:45:08+00:00,[Backport 2.19-dev] Support serializing external OpenSearch UDFs at pushdown time (#4618) (#4725),filtered\s3_newtests\sql_S3_patches.csv,a003e8c7399b62ebc3a57c07bb98f11d843ceb82
sql_4690_2.19-dev,sql,4690_2.19-dev,S3,C3,ba5d3b1b9d5dc56ff337426d36af865c7d805fa4,2025-11-01 01:37:05+00:00,bin command error message enhancement (#4690) (#4712),filtered\s3_newtests\sql_S3_patches.csv,d1ffabd500e11730b982d53a29342e8953026724
sql_4246_2.19-dev,sql,4246_2.19-dev,S3,C5,ec5d429b881b3de8722bc0cb793d03cef1d4bbd6,2025-10-29 09:11:19+00:00,Support ISO8601-formatted string in PPL (#4246) (#4685),filtered\s3_newtests\sql_S3_patches.csv,42c13b40f2d3e8d7938e1ca95d9cc4fc74fbba5d
sql_4572_2.19-dev,sql,4572_2.19-dev,S3,C3,e7caf5909820b732b09a2576963945ec86eb29ef,2025-10-20 08:11:37+00:00,[Backport 2.19-dev] Fix push down failure for min/max on derived field (#4572) (#4601),filtered\s3_newtests\sql_S3_patches.csv,0257aa5d51f044f3287bbaffc83aa72f8960c57c
sql_4456_2.19-dev,sql,4456_2.19-dev,S3,C3,104f7f0ec0c80f9e5af1dac3c2806b965eadb906,2025-10-17 00:06:39+00:00,[Backport 2.19-dev] Support Regex for replace eval function (#4456) (#4592),filtered\s3_newtests\sql_S3_patches.csv,a8f08ad3e101e05aefecca4765d484d1992a12b3
sql_4546_2.19-dev,sql,4546_2.19-dev,S3,C5,480d0bee45121c6564705dacfb06c2ef15686f1d,2025-10-16 02:31:42+00:00,Fix sort push down into agg after project already pushed (#4546) (#4574),filtered\s3_newtests\sql_S3_patches.csv,5630119fd143915653de74b02f96d6d524909bbf
sql_4044_2.19-dev,sql,4044_2.19-dev,S3,C5,0591243c5ff276dd2bbd2b71c57b676e2b697ca3,2025-08-26 09:29:09+00:00,"Allow type checkering on nested & struct fields for isnull, isnotnull, and ispresent (#4044) (#4110)",filtered\s3_newtests\sql_S3_patches.csv,284ecc49f2a1a1428658a75d5ae4dc608476133b
sql_4055_2.19-dev,sql,4055_2.19-dev,S3,C3,f10ffd50a08f0b167b4d684798456bf7d0b419d9,2025-08-22 03:37:30+00:00,Filter expression with `OR isnull(x)` should be pushed down (#4055) (#4098),filtered\s3_newtests\sql_S3_patches.csv,fce8383d56444092eed01b01b889fc6e4be4e810
sql_3928_2.19-dev,sql,3928_2.19-dev,S3,C5,4bd23cfafcc13d92a798489658cd6319f4dc776e,2025-07-31 18:11:19+00:00,[Backport 2.19-dev] Byte number should treated as Long in doc values (#3928) (#3955),filtered\s3_newtests\sql_S3_patches.csv,9939fc98b6634296732db52462221b17d145a7c2
sql_3850_2.19-dev,sql,3850_2.19-dev,S3,C4,c2a2844f6a4baa54d89482fd725ca83e4e40202a,2025-07-21 18:42:18+00:00,Support partial filter push down (#3850) (#3899),filtered\s3_newtests\sql_S3_patches.csv,0b4423e9f3b50670af922a8608116d7182fd728f
sql_3821_2.19-dev,sql,3821_2.19-dev,S3,C5,fe5eb74fccc74ccf20bfd3507eb13ac8fa28c632,2025-07-15 06:36:07+00:00,[Backport 2.19-dev] Add compare_ip operator udfs (#3821) (#3874),filtered\s3_newtests\sql_S3_patches.csv,6c3efa1475f815fc9025a2e3c533b7b21d9ea8cf
sql_3840_2.19-dev,sql,3840_2.19-dev,S3,C3,52e5b9680551c1d09a17260b5283ed4bc8eba92f,2025-07-08 15:22:49+00:00,[Backport 2.19-dev] Support filter push down for Sarg value #3840 (#3847),filtered\s3_newtests\sql_S3_patches.csv,774a3a234e244c987ad967913a5027655c14ca8a
sql_3571_3.0,sql,3571_3.0,S3,C3,8647ec0f6e263fc607e2c9ed1965fcd4bbf9c3a9,2025-04-25 15:14:37+00:00,New added commands should throw exception when calcite disabled (#3571) (#3582),filtered\s3_newtests\sql_S3_patches.csv,69b9e82b35a8d2b856ec7c6ae7dd2487a8c16a3a
elasticsearch_123390_8.19,elasticsearch,123390_8.19,S3,C3,b25542fd147164cd0e89a803bbe49f865972abdb,2025-07-30 19:06:41+00:00,Remove lots of redundant ref-counting from transport pipeline (#123390) (#123554),filtered\s3_nonewtest\elasticsearch_S3_patches.csv,da51c8ccbf0171abefb2978810efd6db0f6f743e
elasticsearch_122497_8.19,elasticsearch,122497_8.19,S3,C5,e867dcdb61cafeaa590dccfec0bc595ad3aac495,2025-06-26 13:36:32+00:00,[8.19] ES|QL: Check if cluster aliases and index patterns are valid before executing query (#122497) (#130021),filtered\s3_nonewtest\elasticsearch_S3_patches.csv,c94c021d0e2695f571a1fc841c46ee43f2d5a3ae
elasticsearch_116043_8.18,elasticsearch,116043_8.18,S3,C3,cd93409c3450fa843ed48cfc6c2042835b9e39b7,2025-06-10 16:06:11+00:00,Support partial sort fields in TopN pushdown (#116043) (#129199) (#129203),filtered\s3_nonewtest\elasticsearch_S3_patches.csv,595251d5a10d6c4dc14ddfa7d4d7b6e2d5fab3ab
elasticsearch_122928_8.19,elasticsearch,122928_8.19,S3,C3,c5a3eb86ffd964343865e2f48423f850f8f916ad,2025-06-05 07:51:10+00:00,Query hot indices first (#122928) (#128950),filtered\s3_nonewtest\elasticsearch_S3_patches.csv,734dd070e719f0bac49953fbfb983fe8f19bd1de
elasticsearch_118324_8.19,elasticsearch,118324_8.19,S3,C5,655e3ce1310196a95b154773106699d36d9fc8cb,2025-05-01 21:33:21+00:00,ESQL: Allow the data type of null in filters (#127618),filtered\s3_nonewtest\elasticsearch_S3_patches.csv,deeeadc01f86d08f887cbfcb0dc40caf3b7374f4
elasticsearch_123384_8.x,elasticsearch,123384_8.x,S3,C4,223d50f0524d3d3e9a19f18a3b146212ff830042,2025-02-27 16:23:40+00:00,Fixing serialization of ScriptStats cache_evictions_history (#123384) (#123612),filtered\s3_nonewtest\elasticsearch_S3_patches.csv,88cf2487e7deb38686870e40bf08b2b729b7d848
elasticsearch_123403_8.x,elasticsearch,123403_8.x,S3,C3,d2778383792d414973065084d5cbcf4da32a2399,2025-02-25 21:34:20+00:00,Use ordered maps for PipelineConfiguration xcontent deserialization (#123403) (#123413),filtered\s3_nonewtest\elasticsearch_S3_patches.csv,af6014ecb534a38e42b33c0783731ab0c0264e9b
elasticsearch_123357_8.x,elasticsearch,123357_8.x,S3,C1,f2d8f7d6d293bfdfdaeeedff3f82fbdfbaca67ff,2025-02-25 14:01:19+00:00,[Entitlements] Follows links during FileAccessTree creation  (#123357) (#123363),filtered\s3_nonewtest\elasticsearch_S3_patches.csv,4f6a0e6840042133f937b0ddfd160e97ac2b68a1
elasticsearch_123291_8.x,elasticsearch,123291_8.x,S3,C1,04ba85c4d223d458514c6e7558a7d3b541681810,2025-02-24 20:35:02+00:00,FileAccessTree fixes for ordering and pruning (#123291) (#123303),filtered\s3_nonewtest\elasticsearch_S3_patches.csv,763e7cd44a8b74ecc51489b577e0da7c302f458e
elasticsearch_123197_8.x,elasticsearch,123197_8.x,S3,C3,8421006641a2d8e617636d0a10bbe63e60648420,2025-02-24 17:59:57+00:00,Fix early termination in LuceneSourceOperator (#123197) (#123293),filtered\s3_nonewtest\elasticsearch_S3_patches.csv,4d2b8dc4f2e908821dfb34d4ffc14244fce83c41
elasticsearch_123267_8.16,elasticsearch,123267_8.16,S3,C3,cc3c3870ecd91511f600a96612c30a3abbbb0129,2025-02-24 16:33:42+00:00,Deduplicate allocation stats calls (#123267) (#123280),filtered\s3_nonewtest\elasticsearch_S3_patches.csv,41f09bf1fcba928dd5e94f1a0bab9c747d71b312
elasticsearch_123246_8.x,elasticsearch,123246_8.x,S3,C5,41f09bf1fcba928dd5e94f1a0bab9c747d71b312,2025-02-24 15:28:42+00:00,Deduplicate allocation stats calls (#123267),filtered\s3_nonewtest\elasticsearch_S3_patches.csv,187b192dfe7c6dc60bfa59fcd90c0ce1e6e3a857
elasticsearch_123177_8.x,elasticsearch,123177_8.x,S3,C1,da7df4cf074fa2d2874342eab4a2535ef6caae43,2025-02-22 03:02:38+00:00,Prune extraneous files entitlements paths to prevent incorrect binary search (#123177) (#123206),filtered\s3_nonewtest\elasticsearch_S3_patches.csv,7cbd305a1605bd0fc3c181fb1790952f23fceaef
elasticsearch_122887_8.x,elasticsearch,122887_8.x,S3,C5,a803462ab51824828973ce0a72efb4c37a83a064,2025-02-21 22:44:26+00:00,[8.x] Add read-block to source index during data stream reindex (#122887) (#123179),filtered\s3_nonewtest\elasticsearch_S3_patches.csv,2cc86b3df7ae7ad839569170b97497fa4da6e5bc
elasticsearch_122938_8.x,elasticsearch,122938_8.x,S3,C3,3b1c857199ad1b3aa1c0af674dc146f8fc328fc1,2025-02-21 16:59:02+00:00,Fix geoip databases index access after system feature migration (again) (#122938) (#123162),filtered\s3_nonewtest\elasticsearch_S3_patches.csv,a8958755a7e76a25bd9fef74f385083edf7dd705
elasticsearch_122905_9.0,elasticsearch,122905_9.0,S3,C5,730b538d967f1b51fa22be03bbbaffe28c377446,2025-02-20 22:51:42+00:00,Updating TransportRolloverAction.checkBlock so that non-write-index blocks do not prevent data stream rollover (#122905) (#123045),filtered\s3_nonewtest\elasticsearch_S3_patches.csv,41dae025e7d68ecfbf91c3547219ec7d663ab364
elasticsearch_122951_8.x,elasticsearch,122951_8.x,S3,C3,4b4be70b9197aad510413f22cd6ea9be20b0a59e,2025-02-19 23:33:12+00:00,[8.x] Updates the deprecation info API to not warn about system indices and data streams (#122951) (#122970),filtered\s3_nonewtest\elasticsearch_S3_patches.csv,463dc4a8a5a99504f64d96ed53245f6e208fd227
elasticsearch_122640_8.x,elasticsearch,122640_8.x,S3,C1,bc2bd59f40e54067d02f0f0d299cdcdd1de0f192,2025-02-17 15:02:59+00:00,Fix redact processor arraycopy bug (#122640) (#122766),filtered\s3_nonewtest\elasticsearch_S3_patches.csv,846bf75f8b6484519e5aa6a791aa4f4600a6f447
elasticsearch_122524_8.18,elasticsearch,122524_8.18,S3,C1,fa3bf55b9d0a0ce5bc610f7d2441a399f3e894f0,2025-02-14 22:24:10+00:00,[8.x] [Deprecation] Refine Transform Destination Index message (#122192) (#122524) (#122648),filtered\s3_nonewtest\elasticsearch_S3_patches.csv,fda7fc71e68259f313d6fcfd6b43ca9fec97b983
elasticsearch_122192_8.x,elasticsearch,122192_8.x,S3,C5,ff0932f74fe09a872c88b1c4d3a089e031c438f9,2025-02-14 21:13:56+00:00,[8.x] [Deprecation] Refine Transform Destination Index message (#122192) (#122524),filtered\s3_nonewtest\elasticsearch_S3_patches.csv,fda7fc71e68259f313d6fcfd6b43ca9fec97b983
elasticsearch_122610_8.x,elasticsearch,122610_8.x,S3,C3,55ac92975e6ec0d714cfaa80d2d4a883bed9b78e,2025-02-14 18:49:24+00:00,Canonicalize processor names and types in IngestStats (#122610) (#122632),filtered\s3_nonewtest\elasticsearch_S3_patches.csv,d59a0d9d44fb0cf553cb33a7a5e0da1f0b541c6b
elasticsearch_120483_8.x,elasticsearch,120483_8.x,S3,C3,f146691fc3d4db06881c328ee0b6469c0c1b74eb,2025-01-28 13:49:32+00:00,Fix NPE on disabled API key auth cache (#120483) (#121008),filtered\s3_nonewtest\elasticsearch_S3_patches.csv,5e953dc7c3881690c61ef39bbef0ae88af35647b
elasticsearch_120901_8.x,elasticsearch,120901_8.x,S3,C1,9eccda25ad9ffbcd8ca8d262519b80bdbb675b18,2025-01-28 08:11:08+00:00,[Bug] Data stream stats fails when there is a concrete index in the cluster (#120901) (#120921),filtered\s3_nonewtest\elasticsearch_S3_patches.csv,0fabaf7716a700c671355e4069366257524f0f26
elasticsearch_117504_8.x,elasticsearch,117504_8.x,S3,C1,7637975f6d9adcf512e7c457c6aff3a008af7c57,2025-01-27 21:23:53+00:00,Fix NPE caused by race condition in async search when minimise round trips is true (#117504) (#120954),filtered\s3_nonewtest\elasticsearch_S3_patches.csv,01edab58ff2941aa6b80f42a028d27b878313eee
elasticsearch_120818_8.x,elasticsearch,120818_8.x,S3,C3,30dd0b2e212c0ec5b39ffecfa72982eecc342a7f,2025-01-27 18:58:30+00:00,Removing default model ID from ElasticsearchInternalService configuration (#120818) (#120919),filtered\s3_nonewtest\elasticsearch_S3_patches.csv,1f2824c5fccedc71cec1162e95f50eb308119dee
elasticsearch_120277_8.x,elasticsearch,120277_8.x,S3,C3,90569c6b10cac00a38ad0bc2d3858a9d7af7863d,2025-01-27 12:07:56+00:00,Disallow CCS with lookup join (#120277) (#120882),filtered\s3_nonewtest\elasticsearch_S3_patches.csv,242b841402813e0905797c97965f2c21760861d0
elasticsearch_120844_8.x,elasticsearch,120844_8.x,S3,C3,f766086215af08175f8ca4bdfecce8d09b0e87d8,2025-01-25 13:02:50+00:00,Restore single-element array removal in synthetic source (#120844) (#120862),filtered\s3_nonewtest\elasticsearch_S3_patches.csv,c9cce2cfaa3cd2e1fc01f895881605a20bde4367
elasticsearch_120809_8.x,elasticsearch,120809_8.x,S3,C1,a9cb5cd575bf8c30000b5af404a7087294f1a858,2025-01-24 19:05:00+00:00,"LTR sometines throw NullPointerException: Cannot read field ""approximation"" because ""top"" is null (#120809) (#120825)",filtered\s3_nonewtest\elasticsearch_S3_patches.csv,4783d1f991633dbc3b7397fe13c63b6b7d70dc37
elasticsearch_120773_8.x,elasticsearch,120773_8.x,S3,C3,8d96ccd37609a4d81e1048489fa63ce99124fe96,2025-01-24 18:52:33+00:00,Restore source matching in randomized logsdb tests (#120773) (#120822),filtered\s3_nonewtest\elasticsearch_S3_patches.csv,969cd70aa00f0c104b5b94dabee05ac84be0e0d9
elasticsearch_120629_8.x,elasticsearch,120629_8.x,S3,C3,d49517b6741b61096df31ba3fa4e2fe38b593bc6,2025-01-23 16:07:39+00:00,[8.x] Report Deprecated Indices That Are Flagged To Ignore Migration Reinde… (#120709),filtered\s3_nonewtest\elasticsearch_S3_patches.csv,45ae0718cc6f52c78c9dc96380d623be9917ba07
elasticsearch_120261_8.x,elasticsearch,120261_8.x,S3,C5,ba578203560e42ead61a6deba84bb9ca78268d60,2025-01-21 11:39:00+00:00,[8.x] Move `TransportVersion` negotiation to handshake (#120261) (#120510),filtered\s3_nonewtest\elasticsearch_S3_patches.csv,6f5f4ae5fac004f4d3aab9f28aca63552b19cb18
elasticsearch_120387_8.x,elasticsearch,120387_8.x,S3,C3,88f07a84fc4b8519fcf8a1ed8da4dca30fc51c46,2025-01-21 08:58:31+00:00,[8.x] Node deprecation warning for indexes and component templates with sou… (#120387) (#120493),filtered\s3_nonewtest\elasticsearch_S3_patches.csv,110b2060a15dce0236c47345de094c4dae05e991
elasticsearch_120225_8.x,elasticsearch,120225_8.x,S3,C1,dd5f141df01149645cf939e5a0bffc03a1c09afd,2025-01-17 20:04:17+00:00,Add `PolicyValdidationException` for entitlements (#120225) (#120414),filtered\s3_nonewtest\elasticsearch_S3_patches.csv,45e80f55be1b5db352cccdd047a44ae106462942
elasticsearch_120281_8.x,elasticsearch,120281_8.x,S3,C1,9e8bc7ee931f15bba6afb7864469add893b856e4,2025-01-17 14:59:31+00:00,ESQL: Lookup join drop unused columns on lookup index (#120281) (#120382),filtered\s3_nonewtest\elasticsearch_S3_patches.csv,f99f52e60deaec8f4211ff36e8bee7c9ca8ac160
elasticsearch_120020_8.x,elasticsearch,120020_8.x,S3,C5,7325c6c1dae40e20f63bf2f7a05bfed3e241435c,2025-01-15 17:37:38+00:00,[8.x] Resume Driver on cancelled or early finished (#120020) (#120208),filtered\s3_nonewtest\elasticsearch_S3_patches.csv,1f182e7a2a86ed74bc3f48360cc7bc0acb07cffe
elasticsearch_120047_8.x,elasticsearch,120047_8.x,S3,C1,b74832610d396d75059148a70f26d0a1188b1418,2025-01-13 17:54:08+00:00,Improve error handling when parsing retrievers (#120047) (#120067),filtered\s3_nonewtest\elasticsearch_S3_patches.csv,3e12016a9795f1307e848d4d295bd64725d35376
elasticsearch_119960_8.x,elasticsearch,119960_8.x,S3,C3,1f572ad4d393cb5dae04467c33f293553ae1dacd,2025-01-13 16:21:55+00:00,Add index name validation rule for empty index names (#119960) (#120060),filtered\s3_nonewtest\elasticsearch_S3_patches.csv,d6133235a339eb99a146a6ff3ad6958fe0d63cf6
elasticsearch_119749_8.x,elasticsearch,119749_8.x,S3,C3,1c5c3b0a19bf370e06a2d2a13c92fa76203fbaaa,2025-01-10 08:47:19+00:00,Strengthen encryption for elasticsearch-keystore tool to AES 256 (#119749) (#119827),filtered\s3_nonewtest\elasticsearch_S3_patches.csv,16d8aaf3865588a323b04d281985bd8daf569daf
elasticsearch_119690_8.x,elasticsearch,119690_8.x,S3,C3,b78cfd8ef7ccc8d79bbdb456b22f867b3e116d4b,2025-01-08 10:07:42+00:00,Semantic text with legacy format cannot store term vectors (#119690) (#119695),filtered\s3_nonewtest\elasticsearch_S3_patches.csv,393ea618d7c01c7c5ef2bb23f4a41185833be5d3
elasticsearch_119637_8.x,elasticsearch,119637_8.x,S3,C1,3f87b3cd9842f3ffab51b5c886e8dcefbc656248,2025-01-07 16:02:36+00:00,Fix spike detection for short spikes at the tail of the data. (#119637) (#119641),filtered\s3_nonewtest\elasticsearch_S3_patches.csv,3310ca9314ff40cabd523150cb000ebc643ee883
elasticsearch_119604_8.x,elasticsearch,119604_8.x,S3,C3,7f18135a9870314ccfdf885c7d280c45e275f642,2025-01-07 15:34:50+00:00,Add support for highlighting the new format of the semantic text field (#119604) (#119657),filtered\s3_nonewtest\elasticsearch_S3_patches.csv,45383c871c8b83b332c1df873d2f7c7da546655c
elasticsearch_118982_8.x,elasticsearch,118982_8.x,S3,C3,a04d2466697536ff423c8aa7c9b81d26dda6aa07,2025-01-07 12:28:56+00:00,Add semantic_text to mapping_all_types and switch to TranslationAware in PushFiltersToSource (#118982) (#119635),filtered\s3_nonewtest\elasticsearch_S3_patches.csv,355aed7fc80c1e9a2ce58ffd45615ed110312f0f
elasticsearch_119476_8.x,elasticsearch,119476_8.x,S3,C3,320fc753903506f7cf8c31bf898c17b711b06e53,2025-01-03 22:52:44+00:00,Fix TopN row size estimate (#119476) (#119544),filtered\s3_nonewtest\elasticsearch_S3_patches.csv,ce2c5d97db593683f8ddceccd180332e63deffed
elasticsearch_118705_8.x,elasticsearch,118705_8.x,S3,C1,d4fa752273e4f642628b94674aba5bf0158b0c66,2025-01-03 19:14:56+00:00,Convert a few entitlements to records (#118705) (#119535),filtered\s3_nonewtest\elasticsearch_S3_patches.csv,4eefc6d73bb22e94571e42fe948da7ace4e19837
elasticsearch_119168_8.x,elasticsearch,119168_8.x,S3,C1,b5f8da18337a5f3e795d9f6594c22aa6309da0f2,2024-12-30 18:48:32+00:00,Grant all entitlements to system modules (#119168) (#119364),filtered\s3_nonewtest\elasticsearch_S3_patches.csv,7c46556e2137a92e7d92ddf40af0ae5388c1e888
elasticsearch_119265_8.x,elasticsearch,119265_8.x,S3,C3,0e0b4fbec2ebfd153fa18c9e665e4e51713a41b7,2024-12-26 13:11:51+00:00,[8.x] ESQL: Fix AbstractShapeGeometryFieldMapperTests (#119265) (#119284),filtered\s3_nonewtest\elasticsearch_S3_patches.csv,eed650ec63b27609c3512be487f9d2f50a988739
elasticsearch_119134_8.x,elasticsearch,119134_8.x,S3,C1,027f96a427b87c597d1508e290f084b93b67b745,2024-12-23 21:57:43+00:00,Handle `index.mapping.ignore_malformed` in downsampling (#119134) (#119237),filtered\s3_nonewtest\elasticsearch_S3_patches.csv,c16bcb64a16521011677f95286202b86d9f4711b
elasticsearch_118998_8.x,elasticsearch,118998_8.x,S3,C5,1a697b551d26d2449dc749763db422b97803ee28,2024-12-23 17:57:53+00:00,[Inference API] Make message content optional in unified API (#118998) (#119226),filtered\s3_nonewtest\elasticsearch_S3_patches.csv,79a822625adbb480d30709cdd210067fcbc1174d
elasticsearch_118681_8.x,elasticsearch,118681_8.x,S3,C3,e777dbaa7c08c6b18ae97aade9fcaf42ec0d675c,2024-12-23 08:13:20+00:00,ConnectTransportException returns retryable BAD_GATEWAY (#118681) (#119146),filtered\s3_nonewtest\elasticsearch_S3_patches.csv,517abe4ffdceb3c7ca771207fe20b0c813181810
elasticsearch_118808_8.x,elasticsearch,118808_8.x,S3,C3,7b2d90b11e479bae7d7ad4a696daeaae8012ca5b,2024-12-19 22:28:35+00:00,[8.x] ESQL: Prune lookup join cols (#118808) (#119126),filtered\s3_nonewtest\elasticsearch_S3_patches.csv,9676faf51b43200f573bde0eeb8c2c02de5d0095
elasticsearch_119083_8.x,elasticsearch,119083_8.x,S3,C3,fb45fd724afa1bb9e102bd64478cf7249382c49d,2024-12-19 19:45:12+00:00,[8.x] Remove min_read_only_index_version from XContent node (#119083) (#119114),filtered\s3_nonewtest\elasticsearch_S3_patches.csv,77eb19172418d3b336180ae594266fb25c724b49
elasticsearch_118603_8.x,elasticsearch,118603_8.x,S3,C3,4fb5514d87de3487d8e83abd9a238dbb29d47b98,2024-12-19 18:13:49+00:00,ESQL: allow DATE_PARSE to read the timezones (#118603) (#119118),filtered\s3_nonewtest\elasticsearch_S3_patches.csv,4007ff3b44269d2f48e5aa938cf621fbd0123df9
elasticsearch_114978_8.x,elasticsearch,114978_8.x,S3,C1,075a40aecbd42a4915cc17ccd9871e4f62f5920b,2024-10-21 10:53:53+00:00,SyntheticSourceIndexSettingsProvider restores stored source (#114978) (#115187),filtered\s3_nonewtest\elasticsearch_S3_patches.csv,5645240976cd88ff9f1a30240c0923e9788f3f4c
elasticsearch_115031_8.x,elasticsearch,115031_8.x,S3,C3,b80f6770f58b12d4d9f713664cf2c2ed76706af6,2024-10-21 08:44:14+00:00,Bool query early termination should also consider must_not clauses (#115031) (#115072),filtered\s3_nonewtest\elasticsearch_S3_patches.csv,5e381a3a89fb734ade6a1a299881ef1be4df7019
elasticsearch_115147_8.x,elasticsearch,115147_8.x,S3,C1,b74418188547df160fe58346a0d33ca56c10ae29,2024-10-19 01:30:16+00:00,Fix IPinfo geolocation schema (#115147) (#115162),filtered\s3_nonewtest\elasticsearch_S3_patches.csv,ac25dbe70692df19bd424e7ef1e4bc2c16c41329
elasticsearch_114982_8.x,elasticsearch,114982_8.x,S3,C1,bb2486bfcd230681ed764333607df12001b58346,2024-10-17 13:10:05+00:00,Fix ml autoscaling for zero allocations (#114982) (#114993),filtered\s3_nonewtest\elasticsearch_S3_patches.csv,12062cb76629dcc506168a519e50eda7eed09a9e
elasticsearch_114271_8.x,elasticsearch,114271_8.x,S3,C1,c77b415a0fab6bd934aba8eb1c07882dbc961301,2024-10-16 22:13:30+00:00,[ES|QL] Skip validating remote cluster index names in parser (#114271) (#114959),filtered\s3_nonewtest\elasticsearch_S3_patches.csv,64ae0aea45036be62aec076717816a27aa006437
elasticsearch_114924_8.x,elasticsearch,114924_8.x,S3,C1,59ed4058ecb837e9ae2baf144ab8e2313127360b,2024-10-16 19:53:48+00:00,Reducing error-level stack trace logging for normal events in GeoIpDownloader (#114924) (#114943),filtered\s3_nonewtest\elasticsearch_S3_patches.csv,33ea3116c9295012ceddbdddb5310918973a4753
elasticsearch_114911_8.x,elasticsearch,114911_8.x,S3,C1,4be91221508c078764536ab9ab1f3dc633a233c1,2024-10-16 19:01:35+00:00,Enhance empty queue conditional in slicing logic (#114911) (#114940),filtered\s3_nonewtest\elasticsearch_S3_patches.csv,8b8796908ac0c7a73566adb4647476b66656119c
elasticsearch_114829_8.x,elasticsearch,114829_8.x,S3,C3,07f5b56e2bb76a09ae3913bf69f3b3a0e4e6db37,2024-10-15 18:16:52+00:00,Set min number of allocations for ElasticSearchInternalService to 0 (#114829) (#114846),filtered\s3_nonewtest\elasticsearch_S3_patches.csv,38d9710e61744f94a78b053d6aaa006d6b60cbf1
elasticsearch_114407_8.x,elasticsearch,114407_8.x,S3,C3,a5e0226836e3c53b93c282d2c7d2f330476c564b,2024-10-14 20:10:06+00:00,Fix Synthetic Source Handling for `bit` Type in `dense_vector` Field (#114407) (#114756),filtered\s3_nonewtest\elasticsearch_S3_patches.csv,465c65c02fdca9f3c3faa01a8cb15f9f58dde58e
elasticsearch_114715_8.x,elasticsearch,114715_8.x,S3,C1,3038a43e40f4e96f5533570a4e6f8d368fe252f5,2024-10-14 19:03:34+00:00,[ML] Ignore unrecognized openai sse fields (#114715) (#114744),filtered\s3_nonewtest\elasticsearch_S3_patches.csv,7c2e0752df1833808ed496a865f3f13b75ef150d
elasticsearch_114549_8.x,elasticsearch,114549_8.x,S3,C1,1ffe41b4a7d5feef4c8a4141c753ed54271e3a56,2024-10-14 17:59:57+00:00,[ML] Send mid-stream errors to users (#114549) (#114746),filtered\s3_nonewtest\elasticsearch_S3_patches.csv,150058ef27df3da931b31e636bd8b335eacb1e66
elasticsearch_114453_8.x,elasticsearch,114453_8.x,S3,C1,fc63a614ee3059cc361458efb02aed6eb68d6629,2024-10-14 16:03:13+00:00,[ML] Switch default chunking strategy to sentence (#114453) (#114730),filtered\s3_nonewtest\elasticsearch_S3_patches.csv,e1451997b1bbbf3f22b4b552352e65dc62e6a947
elasticsearch_114411_8.x,elasticsearch,114411_8.x,S3,C1,bdbd15eb68a4f53b38e70e2f2a34f882ee94e5fb,2024-10-14 08:39:54+00:00,ESQL: Push down filters even in case of renames in Evals (#114411) (#114612),filtered\s3_nonewtest\elasticsearch_S3_patches.csv,64f661702a8c6e8656b8585dd0d67bc77fc71496
elasticsearch_114621_8.x,elasticsearch,114621_8.x,S3,C2,5def1072a798f7ff59efe50aa512e62df1ff8e48,2024-10-11 19:25:56+00:00,[8.x] Second parsing pass tracks array scopes properly (#114621) (#114646),filtered\s3_nonewtest\elasticsearch_S3_patches.csv,f3cd890f3ea08e40d4cb49482bdea0f6e4afb13a
elasticsearch_114501_8.x,elasticsearch,114501_8.x,S3,C3,1aed889d3a670f5fc2b6fd7c4139227ce131eb58,2024-10-11 19:25:12+00:00,No longer require logs@settings component template to enable logsdb by default. (#114501) (#114525),filtered\s3_nonewtest\elasticsearch_S3_patches.csv,8e3b3aa1a5c8cf8935b997dff54cc72a2eb591ee
elasticsearch_114533_8.x,elasticsearch,114533_8.x,S3,C3,1ad4ae155f6dbe473c7829864ca77974859be6bd,2024-10-11 14:26:15+00:00,Fix dim validation for bit element_type (#114533) (#114609),filtered\s3_nonewtest\elasticsearch_S3_patches.csv,7942f3eab080b053f97abbf6abef3619d515f32f
elasticsearch_114552_8.x,elasticsearch,114552_8.x,S3,C1,0f0efb79e327b3ce626ee8cd88e8bf3a4730154e,2024-10-11 11:11:10+00:00,Improve exception message for bad environment variable placeholders in settings (#114552) (#114584),filtered\s3_nonewtest\elasticsearch_S3_patches.csv,46e26c7237ba2ffa659c55aa801353d51aacbe9c
elasticsearch_114191_8.x,elasticsearch,114191_8.x,S3,C1,2b01c3b95f3df9d416c415d3313ca516bf85adb9,2024-10-11 09:17:17+00:00,Fix bitset filter cache loading in Stateless (#114191) (#114572),filtered\s3_nonewtest\elasticsearch_S3_patches.csv,a91a9a59685057eeb2f2ad5f264cc23525255e09
elasticsearch_114375_8.x,elasticsearch,114375_8.x,S3,C3,fc701776e2a54f95f7e50a91ccfb604c34320387,2024-10-10 11:36:07+00:00,Handle InternalSendException inline for non-forking handlers (#114375) (#114493),filtered\s3_nonewtest\elasticsearch_S3_patches.csv,c27bc086770b12a71c335e5537318f54cce53a65
elasticsearch_113251_8.x,elasticsearch,113251_8.x,S3,C5,74f523d4ccb6d26dc65c99138ccad1d43d6cdaaf,2024-10-08 06:48:53+00:00,Span term query to convert to match no docs when unmapped field is targeted (#113251),filtered\s3_nonewtest\elasticsearch_S3_patches.csv,d1644b37ca64f3a646032895895d5900eee805af
elasticsearch_114017_8.x,elasticsearch,114017_8.x,S3,C1,309d234bf08d9361c987411146acc0003cb511fc,2024-10-08 06:33:30+00:00,Updating toXContent implementation for retrievers (#114017) (#114272),filtered\s3_nonewtest\elasticsearch_S3_patches.csv,44f379189925e9738873196f7c86788085ab0f98
elasticsearch_114051_8.x,elasticsearch,114051_8.x,S3,C1,dab72ff1d862d23dcf7e630347d5c200a42ab6cf,2024-10-07 16:29:07+00:00,Adds manage_inference cluster privilege to kibana_system role (#114051) (#114236),filtered\s3_nonewtest\elasticsearch_S3_patches.csv,9368bbeb193b1d2e7f33af90909311c86fc9a948
elasticsearch_114075_8.x,elasticsearch,114075_8.x,S3,C1,6edc606eb9995935023d4a91d01bcda43a5dd9c0,2024-10-04 19:20:28+00:00,Took time and cluster details get updated for coordinator only query operations (#114075) (#114153),filtered\s3_nonewtest\elasticsearch_S3_patches.csv,e3705a1884432e6335fa002ebf095b12e10648c9
elasticsearch_114046_8.x,elasticsearch,114046_8.x,S3,C1,318188dde854181beeef804b73c7b01566d38f31,2024-10-04 14:48:43+00:00,Add PIT information to collapse requests  (#114133),filtered\s3_nonewtest\elasticsearch_S3_patches.csv,16fb3ccabe09e6fad9f3bf58ea96d6c9c7f89122
elasticsearch_113846_8.x,elasticsearch,113846_8.x,S3,C1,8eec8d966289297e8189dc9a57a79fe2da4fcc2b,2024-10-04 14:46:29+00:00,Don't validate internal stats if they are empty (#113846) (#114136),filtered\s3_nonewtest\elasticsearch_S3_patches.csv,0ef5219902b03751871e50232f88887d13c6e4de
elasticsearch_114060_8.x,elasticsearch,114060_8.x,S3,C3,cfbe148d907dbafca10449cd08882751154cbafb,2024-10-04 05:00:10+00:00,Use second pass for deeply nested array elements (#114060) (#114068),filtered\s3_nonewtest\elasticsearch_S3_patches.csv,5531e5dcd2a3632685b4d27253c431fa11294cf8
elasticsearch_113910_8.x,elasticsearch,113910_8.x,S3,C3,4da7a0f3382770d860524ef0be52f0e4fb2e1559,2024-10-03 22:30:38+00:00,Do not expand dots when storing objects in ignored source (#113910) (#114071),filtered\s3_nonewtest\elasticsearch_S3_patches.csv,7facc94be6871804322a00a8e5b232cac958d788
elasticsearch_113924_8.x,elasticsearch,113924_8.x,S3,C3,e5bebfe4000930d9ef139fa0a50a5bd501201e30,2024-10-02 16:28:01+00:00,Remove special handling for objects and arrays with `dynamic` overrides (#113924) (#113959),filtered\s3_nonewtest\elasticsearch_S3_patches.csv,c840ea38122c8c5f5759617a86a4ac0cf7a18c59
elasticsearch_113143_8.x,elasticsearch,113143_8.x,S3,C1,6902296282ba34bdec2bdfe92d71c866f163c009,2024-10-01 15:57:10+00:00,Deprecate dutch_kp and lovins stemmer as they are removed in Lucene 10 (#113143) (#113815),filtered\s3_nonewtest\elasticsearch_S3_patches.csv,5c840f72b7d01a5e15c535f5edaf974e45c1e847
elasticsearch_113667_8.x,elasticsearch,113667_8.x,S3,C3,03804af0cc57266c8c16c0e7186e76c77b831c27,2024-10-01 13:42:15+00:00,Misc `ReferenceDocs` improvements (#113667) (#113861),filtered\s3_nonewtest\elasticsearch_S3_patches.csv,69fffdfecb882f9b75fe107b98c3e0fce803740b
elasticsearch_113697_8.x,elasticsearch,113697_8.x,S3,C1,eea2db63fad30dc11c4c8ec6ba434e65a318a50e,2024-10-01 09:10:43+00:00,[ML] Handle parsing ingest processors where the definition is not a object (#113697) (#113836),filtered\s3_nonewtest\elasticsearch_S3_patches.csv,dc6281020dba01eed006415e3915aed869c956bd
elasticsearch_113108_8.x,elasticsearch,113108_8.x,S3,C1,5ba445e4b20b45bf5ba2e52b2b95b2025466b903,2024-09-30 09:29:26+00:00,Add jvm option to enable test features (#113108) (#113700),filtered\s3_nonewtest\elasticsearch_S3_patches.csv,074af78b912f98876bce5981a908ff1a502a23bb
elasticsearch_113699_8.x,elasticsearch,113699_8.x,S3,C1,ebac5de64a55a0ed6140843d4a8a4a9140866fec,2024-09-27 17:25:13+00:00,[ESQL] Fix init value in max float aggregation (#113699) (#113707),filtered\s3_nonewtest\elasticsearch_S3_patches.csv,b4334f1afa7bef4e5b954f2ea90733ee9082e251
elasticsearch_113629_8.x,elasticsearch,113629_8.x,S3,C1,6c660a510e83712501cc92d63db07e1c5a156239,2024-09-27 16:56:42+00:00,Support long marked offset in SlicedInputStream (#113629) (#113704),filtered\s3_nonewtest\elasticsearch_S3_patches.csv,dfa13baf4615de2337fc05243576d70dfb5a7a05
elasticsearch_113633_8.x,elasticsearch,113633_8.x,S3,C1,6dfdef455a1b88fd161661786552fd3c1426c18c,2024-09-27 15:05:17+00:00,Tidy up database_type parsing (#113633) (#113638),filtered\s3_nonewtest\elasticsearch_S3_patches.csv,6040e4605442c5ab34e722578c3ac258bb3eddb1
elasticsearch_113314_8.x,elasticsearch,113314_8.x,S3,C1,1146344d1ee3a14cf441920c164a2cac8f28a082,2024-09-26 17:12:23+00:00,[ES|QL] Check expression resolved before checking its data type in ImplicitCasting (#113314) (#113626),filtered\s3_nonewtest\elasticsearch_S3_patches.csv,3516b9a67529bd9d2509f252c01079bceb3ed20a
elasticsearch_112723_8.x,elasticsearch,112723_8.x,S3,C1,774a97fac794ba665cdff1a3485f0c09a0e9291d,2024-09-26 00:42:09+00:00,Improve DateTime error handling and add some bad date tests (#112723) (#113569),filtered\s3_nonewtest\elasticsearch_S3_patches.csv,5e06092d5eae6550a030449f2a1f04e67fafb494
elasticsearch_112405_8.x,elasticsearch,112405_8.x,S3,C1,c8b720ed200408e62ae2bf4da84600071e6cce2e,2024-09-24 20:24:45+00:00,Improve date expression/remote handling in index names (#112405) (#113490),filtered\s3_nonewtest\elasticsearch_S3_patches.csv,fda755939f4c6a7df8817ba9cfb2a23c8b751110
elasticsearch_112295_8.x,elasticsearch,112295_8.x,S3,C1,13a34b019fea31b0fbdc1c1a5d44867b3b290ad3,2024-09-24 17:57:46+00:00,ESQL: Speed up CASE for some parameters (#112295) (#113487),filtered\s3_nonewtest\elasticsearch_S3_patches.csv,5c91edda9f9fd2e0dd044e8b6f47a5b0465d4e95
elasticsearch_113013_8.x,elasticsearch,113013_8.x,S3,C1,0631be599d9635f05d1144011e73fbfe903f01db,2024-09-24 13:55:53+00:00,Account for DelayedBucket before reduction (#113013) (#113458),filtered\s3_nonewtest\elasticsearch_S3_patches.csv,a3806cd8e1c4548633a2c4fad8d5beb272b7b856
elasticsearch_113052_8.x,elasticsearch,113052_8.x,S3,C1,2cf435ac34d62966995c09945262e28fb6d7e8d0,2024-09-18 15:00:42+00:00,There's no need to BufferedInputStream within a GZIPInputStream (#113052) (#113068),filtered\s3_nonewtest\elasticsearch_S3_patches.csv,e952b76fd6378ef6f38d9d9293df31a6635a3b7a
elasticsearch_112916_8.x,elasticsearch,112916_8.x,S3,C1,5297c52e062ddcbae519944de069dd8f008615bf,2024-09-18 09:18:41+00:00,Allow out of range term queries for numeric types (#112916) (#112995),filtered\s3_nonewtest\elasticsearch_S3_patches.csv,7825266f1495bba1a4967d88471ce64dc0cd89dd
elasticsearch_112681_8.x,elasticsearch,112681_8.x,S3,C1,62bb588dbae4b1c8d84c0ee45a21ce9f0cf7b32b,2024-09-17 18:20:48+00:00,[ML] Treat chunked content as streaming (#112681) (#113039),filtered\s3_nonewtest\elasticsearch_S3_patches.csv,b3bfc693f39f3cb65fe069b09889a93be7676472
elasticsearch_112872_8.15,elasticsearch,112872_8.15,S3,C3,52a87ee9fe681f31b8721b67bfa4f20aa07294a7,2024-09-16 17:33:33+00:00,[8.15] Fix error using _terms_enum on ip field (#112872) (#112928) (#112939),filtered\s3_nonewtest\elasticsearch_S3_patches.csv,e93c0d2503596ef4837d64e01d1c9c2b2b639dfb
elasticsearch_112911_8.x,elasticsearch,112911_8.x,S3,C1,6cbba63ed9aebbbeb728d2dfe8c241d980a1c488,2024-09-16 14:12:22+00:00,"Revert ""Lower zstd blockDocCount for best_speed from 128 to 96 (#112098)"" (#112911) (#112923)",filtered\s3_nonewtest\elasticsearch_S3_patches.csv,f3171d8689151cd39c59c99c18c962b3c2aa3bfa
elasticsearch_112652_8.x,elasticsearch,112652_8.x,S3,C5,53ff0ac6d556c759d392f42490b55f32d95670f3,2024-09-13 09:05:19+00:00,[Inference API] alibabacloud ai search service support chunk infer to support semantic_text field (#112652) (#112853),filtered\s3_nonewtest\elasticsearch_S3_patches.csv,9b276e3c4acb7105a4c5669bc03809caf2152628
elasticsearch_111973_8.15,elasticsearch,111973_8.15,S3,C3,dd4f4d56649c72622933fafd6f8dedf33a269918,2024-09-13 08:47:31+00:00,ES|QL: shorten error messages for UnsupportedAttributes (#111973) (#112819),filtered\s3_nonewtest\elasticsearch_S3_patches.csv,aa959e69cc507a16f7f725240db2e7453c0a8320
elasticsearch_112703_8.15,elasticsearch,112703_8.15,S3,C3,25dbb58f01876c64a07ea5c085e73ca275c66a98,2024-09-11 18:31:58+00:00,JSON parse failures should be 4xx codes (#112703) (#112751),filtered\s3_nonewtest\elasticsearch_S3_patches.csv,281ee04f7aa227df3d734b3593232dca23b30d0a
elasticsearch_112713_8.15,elasticsearch,112713_8.15,S3,C3,a2338d7133ba9e364a3d663d505ecdb95a253895,2024-09-11 15:35:53+00:00,Fix encoding of dynamic arrays in ignored source (#112713) (#112716),filtered\s3_nonewtest\elasticsearch_S3_patches.csv,48f87c57d9981af15f559c702459022deb2f2b11
elasticsearch_112605_8.15,elasticsearch,112605_8.15,S3,C3,d68a09462391f40f86a54694949eb2113a1c62a1,2024-09-09 13:16:31+00:00,[8.15] RestRequest parameter parsing should not cause 500 error (#112605) (#112656),filtered\s3_nonewtest\elasticsearch_S3_patches.csv,a587c7d26cb127a2dbe76d4d5769245d217d5cf7
elasticsearch_112226_8.15,elasticsearch,112226_8.15,S3,C1,af52f94154875b138d6db77d86fe5b6928977e28,2024-08-27 23:43:49+00:00,"Fix ""unexpected field [remote_cluster]"" for CCS (RCS 1.0) when using API key that references remote_cluster (#112226) (#112259)",filtered\s3_nonewtest\elasticsearch_S3_patches.csv,f2d4286fedd7bc3472ba309b5a94ef71d7ebbdf5
elasticsearch_112217_8.15,elasticsearch,112217_8.15,S3,C1,6fc00ad71e93c561e87ca1b90bbbdf80c4091b06,2024-08-27 16:12:47+00:00,Fix template alias parsing livelock (#112217) (#112245),filtered\s3_nonewtest\elasticsearch_S3_patches.csv,bd2d6aa55fdf839ca42ebf04a6493732b6c94b24
elasticsearch_112139_8.15,elasticsearch,112139_8.15,S3,C1,b9eeebd582a6a494b45ff0ee54c59f01f72474b4,2024-08-26 10:47:42+00:00,Fix NPE when executing doc value queries over shape geometries with empty segments (#112139) (#112198),filtered\s3_nonewtest\elasticsearch_S3_patches.csv,6b96226140064bcf14d5eb4a696a30be8a4e48cf
elasticsearch_112046_8.15,elasticsearch,112046_8.15,S3,C3,63a3bd9396d1ff41dbcf06ed624450094c5ee3cf,2024-08-21 17:26:17+00:00,Fix calculation of parent offset for ignored source in some cases (#112046) (#112064),filtered\s3_nonewtest\elasticsearch_S3_patches.csv,d76e1af0a5bb00ac69abc8e608ba8c3f6b75e54f
elasticsearch_111943_8.15,elasticsearch,111943_8.15,S3,C3,26bab001dc36956c870b5a25884a2cef0e5440be,2024-08-20 14:47:32+00:00,Fix synthetic source for empty nested objects (#111943) (#111982),filtered\s3_nonewtest\elasticsearch_S3_patches.csv,19dc8841d4053fd449a47c4e9bd26d35767d649e
elasticsearch_111966_8.15,elasticsearch,111966_8.15,S3,C1,2f55a7fc8bc68eb4fa3ea7213d49236c839085f6,2024-08-20 12:08:49+00:00,No error when `store_array_source` is used without synthetic source (#111966) (#112018),filtered\s3_nonewtest\elasticsearch_S3_patches.csv,9ab86652355bebd4909409a66166596531b66005
elasticsearch_111983_8.15,elasticsearch,111983_8.15,S3,C1,1f87f1729a6fa6261c6e8398f9a893ad38dae9a4,2024-08-19 20:00:25+00:00,Avoid losing error message in failure collector (#111983) (#111986),filtered\s3_nonewtest\elasticsearch_S3_patches.csv,6f33812fade9c69745fe2a3d66b063028c79f1d4
graylog2-server_24011_7.0,graylog2-server,24011_7.0,S3,C1,70e3b2210c304a0b3c8562df8683197f8562f8c9,2025-11-26 08:51:16+00:00,chore(mcp): use context-aware Markdown escaping (#24011) (#24357),filtered\s3_nonewtest\graylog2-server_S3_patches.csv,9a99fa5c88c6674027f25b4715dcc77420331a14
graylog2-server_24010_6.2,graylog2-server,24010_6.2,S3,C1,9421b6cc1e5e92d05bbbe67f1dc89dfb7319d95c,2025-11-04 16:15:18+00:00,Reporting: Render only selected fields in MessageList (#24010) (#24105),filtered\s3_nonewtest\graylog2-server_S3_patches.csv,d6b96d6f9b7030fa3461e3d8e370220205a44306
graylog2-server_23789_6.3,graylog2-server,23789_6.3,S3,C1,3b5050775d4457379150957ab11f4416aa668a4d,2025-09-30 19:06:18+00:00,Adding support for `all time` in filter for paginated searches (#23789) (#23794),filtered\s3_nonewtest\graylog2-server_S3_patches.csv,12169e594da08dde083bdacc28c35e3b7a520535
graylog2-server_23769_6.3,graylog2-server,23769_6.3,S3,C3,5d168a4e9e16572a304e5530dcb9f9dadfc23216,2025-09-30 09:58:26+00:00,introduce global_inputs_only config to enforce global inputs (`6.3`) (#23788),filtered\s3_nonewtest\graylog2-server_S3_patches.csv,4bd09278693c5b2bf7349f5d3f5ec3836f32ae9f
graylog2-server_23317_6.1,graylog2-server,23317_6.1,S3,C1,197b8477a9d8d82817bb5999d86b46c4cf26ee3b,2025-08-06 06:13:46+00:00,Always release retained ByteBuf in SyslogTCPFramingRouterHandler when Exception is thrown (#23317) (#23343),filtered\s3_nonewtest\graylog2-server_S3_patches.csv,b17cee737de905c07e9aa9403fb98e40ba018cbe
graylog2-server_22715_6.1,graylog2-server,22715_6.1,S3,C1,4a6f103c154197d5420c1d1fc14406a1049c0fc7,2025-06-03 14:00:07+00:00,Don't go into journal recovery when shutting down (#22715) (#22755),filtered\s3_nonewtest\graylog2-server_S3_patches.csv,db68dfa92255dc14f03f2e9d21c471daf3162518
graylog2-server_22632_6.1,graylog2-server,22632_6.1,S3,C3,7e505b48c57e836eebaff759a5769fbe932f0857,2025-05-23 21:01:07+00:00,Support date formatting in jmte templates (#22632) (#22661),filtered\s3_nonewtest\graylog2-server_S3_patches.csv,181399cfbb4cffbd2b6a352aa5c01b013c0577cf
graylog2-server_22549_6.1,graylog2-server,22549_6.1,S3,C3,1b2af126ebd1e4ea65826fb25e31a3b3760f1aeb,2025-05-16 14:42:47+00:00,Fix timestamp parsing for Netscaler WAF logs (#22549) (#22591),filtered\s3_nonewtest\graylog2-server_S3_patches.csv,a78649d109b7695ac4fb77239cb6dc4401c5044d
graylog2-server_22100_6.0,graylog2-server,22100_6.0,S3,C5,27b696c672edd0952ddb1922521eb7d495b6ed2b,2025-04-07 14:13:13+00:00,Add support for Search Filters in Aggregation events (6.0) (#22167),filtered\s3_nonewtest\graylog2-server_S3_patches.csv,fe699c8d613f519b382962b3b19c9a70ea793662
graylog2-server_21567_6.0,graylog2-server,21567_6.0,S3,C3,97ec98b39d4f4bd57439cd766e01834dbf2537f0,2025-03-05 07:58:53+00:00,Add support for quoted (default) MongoDB search term values in SearchQueryParser (#21567) (#21607),filtered\s3_nonewtest\graylog2-server_S3_patches.csv,32fbea9125bfe253f7d4bed94aa71eca60a8843c
graylog2-server_21195_6.1,graylog2-server,21195_6.1,S3,C3,566d3c019156ffb46ef920d08b32774cdbe1e727,2025-02-26 08:08:26+00:00,Improve performance for working with indices (`6.1`) (#21763),filtered\s3_nonewtest\graylog2-server_S3_patches.csv,7845ab99117250085170ffede89de0e8ae84de7f
graylog2-server_21062_6.1,graylog2-server,21062_6.1,S3,C5,8d972b2311d10d0516df7b3e54cb9b976627767d,2025-02-14 15:31:06+00:00,Backport: better handling of intermediate CAs in datanode truststore (#21656),filtered\s3_nonewtest\graylog2-server_S3_patches.csv,45e5c07e4caf62045f327ff2ee9dfb6b17762b56
graylog2-server_21456_6.0,graylog2-server,21456_6.0,S3,C1,358d917d34da3654f17368efd0053c583cdad911,2025-02-06 15:34:52+00:00,Add escape character handling to key_value pipeline function (#21456) (#21532),filtered\s3_nonewtest\graylog2-server_S3_patches.csv,b9ebea9aa1b309d82b020eb3c54fa36f042edbf5
graylog2-server_21167_6.0,graylog2-server,21167_6.0,S3,C1,da799e6aca360d0bf12a3302588649f445e2c920,2024-12-18 17:35:17+00:00,Safely render Maps and Collections in JSON strings (#21167) (#21201),filtered\s3_nonewtest\graylog2-server_S3_patches.csv,92dab916a50f809fccb0943e53f0165dd9a121c8
graylog2-server_20924_6.0,graylog2-server,20924_6.0,S3,C4,aafd66b9fa32f97adb95faf084ca5dab8be32309,2024-11-21 08:33:49+00:00,Backport 6.0: Add multi_grok pipeline function (#20943),filtered\s3_nonewtest\graylog2-server_S3_patches.csv,90a12d6b4170ed10ada22f909af4a6089113dad6
graylog2-server_20788_6.0,graylog2-server,20788_6.0,S3,C1,7cfea09b2c3773bb36dacf597e5a7740dfb8d8d9,2024-10-31 20:31:43+00:00,Syslog inputs: Trim newlines for Fortigate messages (#20788) (#20820),filtered\s3_nonewtest\graylog2-server_S3_patches.csv,296cd1a876b532606be160dc3a504b9539301a13
graylog2-server_20263_5.2,graylog2-server,20263_5.2,S3,C2,78296cabd65a4b8903bc316236417783010ebee9,2024-08-29 13:35:17+00:00,Fix grok_exists pipeline rule (#20263) (#20285),filtered\s3_nonewtest\graylog2-server_S3_patches.csv,427681515d45bbe38a63899f10d7297d0a0094a5
graylog2-server_19670_6.0,graylog2-server,19670_6.0,S3,C3,e38b1fa2cbf274f932df96fca98db6682159322c,2024-08-13 10:41:45+00:00,Lookup cache: bubble up error results without modifying (#19670) (#20167),filtered\s3_nonewtest\graylog2-server_S3_patches.csv,ab31c69147f27363fb68e9d134fcb80bba81502a
graylog2-server_20073_5.2,graylog2-server,20073_5.2,S3,C3,0244ac02a265793728d25fe715dbedc83713e355,2024-08-06 06:05:52+00:00,Ignore trailing 0x00 padding in IPFIX data sets (#20073) (#20083),filtered\s3_nonewtest\graylog2-server_S3_patches.csv,f4dfb95d4ff4d813548770d1558c00195d7ba6d0
graylog2-server_19268_5.1,graylog2-server,19268_5.1,S3,C5,d6e2f6c6ad542ebeee0d15a732e3d21ca8ec724e,2024-06-05 09:13:27+00:00,Backport 5.1: New pipeline functions remove_single_field and remove_multiple_fields (#19301),filtered\s3_nonewtest\graylog2-server_S3_patches.csv,4a1cbb4dcb8563a6686e0709040dea75ed831359
graylog2-server_17683_5.1,graylog2-server,17683_5.1,S3,C3,56362c72d24db0532161c3288b2b21e2d2772c01,2024-01-11 13:12:32+00:00,Update select_jsonpath to accept strings of JSON in addition to JsonNode objects (#17683) (#17896),filtered\s3_nonewtest\graylog2-server_S3_patches.csv,be7df675661b85d1e50c7971cad139f8d21aaffb
hadoop_7683_branch-3.4,hadoop,7683_branch-3.4,S3,C5,e6cf6e6d10bb2e8e4963e9e78d9c3ade3f0bf161,2025-05-19 14:26:06+00:00,HADOOP-19554. LocalDirAllocator still doesn't always recover from directory deletion (#7683) (#7685),filtered\s3_nonewtest\hadoop_S3_patches.csv,81e4848a7e77b5d827709b449ad187b77e5fb2db
hadoop_6873_branch-3.3,hadoop,6873_branch-3.3,S3,C5,745afa8ceb5dc88ce97d89d24c2236bd2ecb9e98,2024-06-26 16:52:07+00:00,HDFS-17546. Implementing HostsFileReader timeout (#6873) (#6891),filtered\s3_nonewtest\hadoop_S3_patches.csv,2fbbfe3cc93574818690373a26e1c3e0f88c560a
hadoop_6732_branch-3.3,hadoop,6732_branch-3.3,S3,C4,75ad60ba99bdb4bd044879af20cab4f368866613,2024-04-27 12:32:28+00:00,YARN-11191. Fix potentional deadlock in GlobalScheduler refreshQueues (#6732) (#6769) Contributed by Tamas Domok,filtered\s3_nonewtest\hadoop_S3_patches.csv,ecf665c6facf89d3b87b6e3cc684274b8155ca60
hadoop_6725_branch-3.3,hadoop,6725_branch-3.3,S3,C3,efc53d87252af3b2455d4c38df08d8d850d1879f,2024-04-23 00:14:03+00:00,YARN-11684. Fix general contract violation in PriorityQueueComparator. (#6754) Contributed by Tamas Domok.,filtered\s3_nonewtest\hadoop_S3_patches.csv,a386ac1f5632949bc49a9d09195073ba5f980b5c
hadoop_6406_branch-3.4,hadoop,6406_branch-3.4,S3,C3,e40f696c448dcf9cf7ab33ab94d06812fb7df09b,2024-02-09 14:29:40+00:00,HADOOP-18980. S3A credential provider remapping: make extensible (#6406),filtered\s3_nonewtest\hadoop_S3_patches.csv,7504b8505fa208453e2a1ad55af4b03bafd133c0
hadoop_6240_branch-3.3,hadoop,6240_branch-3.3,S3,C3,585f9667e4b36c6347ec70d646d9ae4f216cfabb,2024-01-21 03:53:55+00:00,HADOOP-18959. Use builder for prefetch CachingBlockManager. (#6240) (#6302) Contributed by Viraj Jasani.,filtered\s3_nonewtest\hadoop_S3_patches.csv,f1e4376626efb15d1c3001c0e50ab06536ce7057
logstash_16906_8.x,logstash,16906_8.x,S3,C1,24104833a4860a7a61fb472a1e5dca633c145094,2025-01-17 22:28:12+00:00,Add %{{TIME_NOW}} pattern for sprintf (#16906) (#16908),filtered\s3_nonewtest\logstash_S3_patches.csv,cd729b76828f6c99a41dadb62f229dfa1afe1304
logstash_16832_8.x,logstash,16832_8.x,S3,C1,a3ab584257224faa235dcfd5882048b9abc233ec,2025-01-02 23:24:18+00:00,Apply Jackson stream read constraints defaults at runtime (#16832) (#16845),filtered\s3_nonewtest\logstash_S3_patches.csv,cc608eb88b81bd8dad4d3775d47a5f9017bd8b21
